exemplar,abs_freq,rel_freq
abete di douglas,21,0.0
abete bianco,224,0.02
abete rosso,15104,1.04
abete del colorado,27,0.0
abete di nordmann,3,0.0
abete nobile,10,0.0
abete di picea,0,0.0
abete di siberia,0,0.0
abete di vancouver,3,0.0
abete di fraser,23,0.0
abete di nobile,0,0.0
abete di serbia,2,0.0
abete di grecia,0,0.0
abete di virginia,0,0.0
abete di cork,0,0.0
abete di lamarck,0,0.0
abete di mugho,0,0.0
abete di sawara,0,0.0
abete di tsuga,0,0.0
abete di thuya,0,0.0
abete di metasequoia,0,0.0
abete di ketele,0,0.0
abete di spagna,21,0.0
abete del caucaso,61,0.0
abete di sitka,8,0.0
abete di macedonia,1,0.0
abete di jack,0,0.0
abete di bristlecone,0,0.0
abete di foxtail,0,0.0
abete di santa lucia,2,0.0
abete di subalpino,0,0.0
abete di hemlock,0,0.0
ab,17689,1.22
abete di farges,2,0.0
abete di nootka,0,0.0
abete di sacramento,0,0.0
abete di cilicia,1,0.0
abete di rumelia,0,0.0
abete di bulgaria,0,0.0
abete di siebold,0,0.0
abete di nikko,0,0.0
abete di je,0,0.0
abete di gmelin,0,0.0
abete di ciliegia,0,0.0
abete di guatemala,0,0.0
abete di oaxaca,0,0.0
abete di durango,0,0.0
abete di chihuahua,0,0.0
abete di pfitzer,0,0.0
abete di noble,0,0.0
abete di sardegna,0,0.0
abete di cefalonia,19,0.0
abete di picea omorika,0,0.0
abete di picea mariana,0,0.0
abete di picea glauca,0,0.0
abete di picea sitchensis,0,0.0
abete di picea engelmannii,0,0.0
abete di picea abies,0,0.0
abete di picea je,0,0.0
aereo da combattimento,102,0.0
aereo da trasporto,70,0.0
aereo da turismo,44,0.0
aereo da addestramento,74,0.0
aereo da caccia,62,0.0
aereo da pattugliamento marittimo,22,0.0
aereo da ricognizione,2070,0.14
aereo da traino alianti,11,0.0
aereo da trasporto passeggeri,20,0.0
aereo acrobatico,343,0.02
aereo anfibio,156,0.01
aereo cargo,70,0.0
aereo da collegamento,117,0.01
aereo da osservazione,54,0.0
aereo da soccorso,4,0.0
aereo da spionaggio,4,0.0
aereo da attacco al suolo,30,0.0
aereo da traino banner,0,0.0
aereo da spion,0,0.0
aereo da trasporto merci,16,0.0
aereo a getto,40,0.0
aereo a elica,394,0.02
aereo a reazione,44,0.0
aereo leggero,252,0.02
aereo ultralegger,0,0.0
aereo da allenamento,2,0.0
aereo da traino bersagli,8,0.0
aereo da soccorso aereo,0,0.0
aereo da bombardamento,30,0.0
aereo da cargo,16,0.0
aereo da trasporto truppe,15,0.0
aereo bombardiere,124,0.01
aereo da trasporto vip,6,0.0
aere,5384,0.37
agenda digitale,1132,0.08
agenda di carta,21,0.0
agenda settimanale,52,0.0
agenda mensile,130,0.0
agenda giornaliera,774,0.06
agenda scolastica,204,0.01
agenda per appuntamenti,22,0.0
agenda personale,520,0.04
agenda da tavolo,21,0.0
agenda da viaggio,12,0.0
agenda elettronica,38,0.0
agenda planner,23,0.0
agenda agenda,39,0.0
agenda per la pianificazione,6,0.0
agenda per la produttività,1,0.0
agenda per il lavoro,24,0.0
agenda per la casa,6,0.0
agenda per lo studio,4,0.0
agenda per il tempo libero,3,0.0
agenda per la famiglia,10,0.0
agenda annuale,206,0.02
agenda a spirale,2,0.0
agenda pieghevole,0,0.0
agenda da borsa,1,0.0
agenda personalizzata,67,0.0
agenda per progetti,1,0.0
agenda per obiettivi,0,0.0
agenda per riunioni,1,0.0
agenda per conferenze,1,0.0
agenda per ripassi,0,0.0
agenda per compleanni,0,0.0
agenda professionale,46,0.0
agenda editoriale,22,0.0
agenda politica,232,0.02
agenda cinematografica,4,0.0
agenda televisiva,18,0.0
agenda sportiva,24,0.0
agenda culturale,162,0.01
agenda turistica,16,0.0
agenda sanitaria,50,0.0
agenda didattica,17,0.0
agenda di progetto,11,0.0
agenda di lavoro,46,0.0
agenda di contatti,20,0.0
agenda di appuntamenti,40,0.0
agenda telefonica,199,0.01
agenda per note,0,0.0
agenda per impegni di lavoro,0,0.0
agenda per pianificazione di progetti,0,0.0
agenda per obiettivi personali,0,0.0
agenda per la gestione del tempo,1,0.0
agenda per la pianificazione degli esami,0,0.0
agenda per la pianificazione dei pasti,0,0.0
agenda per la pianificazione delle vacanze,0,0.0
agenda per la gestione delle spese,0,0.0
agenda per la pianificazione delle,1,0.0
agenda di pianificazione,3,0.0
agenda per compiti,0,0.0
agenda per viaggi,0,0.0
agenda per la salute,5,0.0
agenda per la forma fisica,0,0.0
agenda per la meditazione,0,0.0
agenda per la crescita personale,0,0.0
agenda per la carriera,0,0.0
agenda per la finanza,0,0.0
agenda per le relazioni,1,0.0
agenda per il giardin,0,0.0
gancio appendiabiti,162,0.01
portaabiti,37,0.0
attaccapanni a muro,25,0.0
attaccapanni da parete,42,0.0
appendiabiti da terra,22,0.0
appendiabiti da parete adesivo,0,0.0
appendiabiti da viaggio,2,0.0
appendiabiti per cappotti,2,0.0
appendiabiti per borse,2,0.0
appendiabiti per cinture,0,0.0
appendiabiti per asciugamani,15,0.0
appendiabiti per piante,17,0.0
appendiabiti per chiavi,0,0.0
appendiabiti per biciclette,0,0.0
appendiabiti per giacche,15,0.0
appendiabiti per abiti,1,0.0
appendiabiti per cr,0,0.0
portaombrelli,2318,0.16
cavalletto appendiabiti,0,0.0
appendiabiti da parete,31,0.0
appendiabiti da armadio,4,0.0
appendiabiti da cappotto,0,0.0
appendiabiti da bici,0,0.0
appendiabiti da borsa,0,0.0
appendiabiti da cinture,0,0.0
appendiabiti da scarpe,0,0.0
appendiabiti da asciugamani,0,0.0
appendiabiti da accappatoio,0,0.0
appendiabiti da giacca,0,0.0
appendiabiti da cravatta,0,0.0
appendiabiti da vestiti,0,0.0
appendiabiti da,55,0.0
gancio da parete,21,0.0
portaombrelli con appendiabiti,0,0.0
stazione appendiabiti,0,0.0
appendiabiti da porta,43,0.0
appendiabiti a muro,32,0.0
appendiabiti da appendere,3,0.0
appendiabiti da scrivania,0,0.0
appendiabiti da guardaroba,0,0.0
appendiabiti da borse,0,0.0
appendiabiti da cravatte,0,0.0
appendiabiti da giacche,0,0.0
appendiabiti da cappelli,0,0.0
appendiabiti da o,0,0.0
portaabiti a muro,0,0.0
stendibiancheria da parete,23,0.0
portaoggetti da ingresso,0,0.0
portaabiti a bastone,0,0.0
appendiabiti adesivi,7,0.0
portaabiti da parete con ganci,0,0.0
appendiabiti a mensola,0,0.0
portaabiti da terra con ganci,0,0.0
appendiabiti da cucina,4,0.0
portaabiti per bagno,0,0.0
portaab,0,0.0
gancio,21765,1.5
stendino per abiti,0,0.0
portascarpe con appendiabiti,0,0.0
armadio a due ante,27,0.0
armadio a una ante,0,0.0
armadio angolare,31,0.0
armadio a muro,48,0.0
armadio a colonna,20,0.0
armadio guardaroba,167,0.01
armadio a quattro ante,26,0.0
armadio con specchio,26,0.0
armadio per bambini,22,0.0
armadio per ufficio,22,0.0
armadio a cabina,17,0.0
armadio a ponte,24,0.0
armadio a isola,0,0.0
armadio a giorno,91,0.01
armadio a vetri,20,0.0
armadio con cassetti,23,0.0
armadio con ante scorrevoli,32,0.0
armadio con ante battenti,30,0.0
armadio a ribalta,1,0.0
armadio salvaspazio,40,0.0
armadio con ante a battente,14,0.0
armadio per abiti lunghi,0,0.0
armadio per abiti corti,0,0.0
guardaroba,29842,2.06
cabina armadio,1047,0.07
armadio con porta a soffietto,2,0.0
armadio con anta a libro,0,0.0
armadio multifunzione,16,0.0
armadio per scarpe,13,0.0
armadio a battenti,2,0.0
armadio walk-in,37,0.0
armadio a tenda,1,0.0
armadio con ante saliscendi,0,0.0
armadio a l,1,0.0
armadio a u,4,0.0
armadio a sei ante,23,0.0
armadio basso,36,0.0
armadio alto,31,0.0
armadio a specchio,25,0.0
armadio a vetrina,44,0.0
armadio per neonati,2,0.0
armadio per adulti,0,0.0
armadio per biancheria,12,0.0
armadio per la biancheria,17,0.0
armadio per la cucina,11,0.0
armadio per il bagno,8,0.0
armadio per l'ufficio,0,0.0
armadio per il garage,0,0.0
astuccio per matite,29,0.0
astuccio per penne,22,0.0
astuccio per colori,3,0.0
astuccio per trucchi,3,0.0
astuccio per matite colorate,2,0.0
astuccio per pennarelli,0,0.0
astuccio per pastelli,2,0.0
astuccio per cosmetici,13,0.0
astuccio per forbici e cutter,0,0.0
astuccio per righelli e squadre,0,0.0
astuccio per temperini,0,0.0
astuccio per gomme da cancellare,0,0.0
astuccio per stickers e adesivi,0,0.0
astuccio per post-it e note adesive,0,0.0
astuccio per penne a sfera,0,0.0
astuccio per p,0,0.0
astuccio per pennelli,5,0.0
astuccio per strumenti da disegno,0,0.0
astuccio per occhiali,23,0.0
astuccio per auricolari,1,0.0
astuccio per fotocamere,2,0.0
astuccio per smartphone,3,0.0
astuccio per tablet,5,0.0
astuccio per libri,0,0.0
astuccio per documenti,2,0.0
astuccio per forbici,1,0.0
astuccio per taglierini,0,0.0
astuccio per righelli,0,0.0
astuccio per,31,0.0
astuccio per custodia portatile,0,0.0
astuccio per strumenti musicali,0,0.0
astuccio per coltelli da cucina,0,0.0
astuccio per attrezzi da lavoro,0,0.0
astuccio per biglietti da visita,5,0.0
astuccio per denaro,0,0.0
astuccio per gioielli,21,0.0
ast,23389,1.61
astuccio per medicinali,0,0.0
astuccio per pennelli da make-up,0,0.0
astuccio per piccoli attrezzi,0,0.0
astuccio per fotocamera,0,0.0
astuccio per passaporto,0,0.0
astuccio per monete,1,0.0
astuccio per carte di credito,1,0.0
astuccio per piccoli oggetti elettronici,0,0.0
astuccio per macchine fotografiche,0,0.0
astuccio per lente di ingrandimento,0,0.0
astuccio per bin,0,0.0
martello,35294,2.44
cacciavite,18238,1.26
pinza,36776,2.54
sega,40972,2.82
livella,8934,0.62
chiave inglese,50,0.0
piede di porco,41,0.0
tenaglia,13689,0.94
avvitatore,6161,0.42
tronchese,991,0.07
lima,34882,2.4
squadra,15855,1.09
raschietto,3120,0.21
spatola,24642,1.7
cinghia,23933,1.65
filo interdentale,264,0.02
spazzola,41570,2.86
taglierino,8450,0.58
coltello,32680,2.26
pinzetta,24408,1.68
forbice,39252,2.7
lama,18264,1.26
graffetta,5901,0.41
chiodo,33690,2.32
vite,44778,3.08
rondella,6855,0.47
bullone,25088,1.73
dadi,20263,1.4
catena,18576,1.28
nastro adesivo,1975,0.14
filo di ferro,31,0.0
seghetto,14008,0.96
trapano,17985,1.24
pialla,4007,0.28
scalpello,26602,1.84
fune,18719,1.29
palanchino,612,0.04
leva,18210,1.25
cric,4206,0.29
tenaglia a becchi,0,0.0
chiave a tubo,23,0.0
chiave dinamometrica,35,0.0
chiave fissa,240,0.02
chiave a brugola,35,0.0
chiave a stella,34,0.0
chiave a croce,21,0.0
chi,18867,1.3
pinza universale,163,0.01
lime,43422,2.99
chiave a cricchetto,28,0.0
chiave a bussola,20,0.0
chiave a rullino,25,0.0
chiave a gatto,0,0.0
tornio,18622,1.28
sega elettrica,106,0.01
riga,21097,1.45
matita da marcatore,0,0.0
guanti da lavoro,78,0.0
occhiali di protezione,41,0.0
cintura di sicurezza,78,0.01
stivali di sicurezza,22,0.0
pinza multipresa,4,0.0
tagliacarte,1375,0.09
autobus urbano,238,0.02
autobus interurbano,98,0.0
autobus scolastico,342,0.02
autobus turistico,184,0.02
autobus a due piani,68,0.0
minibus,23726,1.64
autobus articolato,150,0.02
trolleybus,66,0.0
autobus elettrico,70,0.0
autobus a idrogeno,32,0.0
autobus a metano,27,0.0
autobus ibrido,56,0.0
autobus a pianale ribassato,29,0.0
autobus per disabili,8,0.0
autobus da competizione,0,0.0
autobus d'epoca,0,0.0
autobus per il trasporto di merci,2,0.0
autobus per il trasporto di atleti,0,0.0
autobus a biocarburanti,1,0.0
autobus notturno,68,0.0
autobus aeroportuale,47,0.0
autobus per anziani,1,0.0
autobus per il trasporto di animali,0,0.0
autobus per il trasporto di b,0,0.0
midibus,96,0.01
autobus da stadio,0,0.0
autobus furgonato,0,0.0
aut,16673,1.15
autobus a cielo aperto,8,0.0
autobus per il trasporto di prigionieri,0,0.0
autobus per il trasporto di biciclette,2,0.0
autobus per il,25,0.0
autobus da cantiere,0,0.0
autobus per il trasporto di bicic,0,0.0
berlina,38856,2.68
coupé,42702,2.94
cabriolet,19356,1.34
station wagon,7302,0.5
suv,38682,2.66
monovolume,11428,0.79
fuoristrada,21868,1.5
sportiva,25800,1.78
elettrica,64450,4.44
ibrida,25476,1.76
familiare,19469,1.34
city car,677,0.05
utilitaria,19338,1.33
berlina elettrica,51,0.0
suv elettrico,27,0.0
coupé sportiva,99,0.01
decappottabile,2104,0.14
limousine,29658,2.04
minivan,15870,1.1
pick-up,30836,2.12
auto,37910,2.62
camion,31796,2.2
furgone,33420,2.3
berlina sportiva,175,0.01
autonoma,23457,1.62
classica,22956,1.58
d'epoca,0,0.0
da corsa,690,0.05
da rally,93,0.01
militare,30302,2.09
fuoriserie,3353,0.23
concept car,1350,0.1
compact,38928,2.68
lusso,17451,1.2
taxi,32854,2.26
polizia,17088,1.18
antincendio,8504,0.59
ambulanza,15049,1.04
carro funeb,1,0.0
berlina a tre volumi,28,0.0
berlina a due volumi,24,0.0
berlina a quattro porte,31,0.0
berlina a cinque porte,28,0.0
executive,16043,1.11
luxury,29570,2.04
premium,32945,2.27
cabrio-coupé,14,0.0
spider,18285,1.26
roadster,18488,1.28
van,41840,2.88
camionetta,7626,0.53
cross-over,2587,0.18
coupé a,33,0.0
a benzina,332,0.02
diesel,14913,1.03
a metano,222,0.02
a gpl,153,0.01
multispazio,1231,0.08
veicolo commerciale leggero,969,0.07
veicolo d'epoca,0,0.0
auto d'epoca,0,0.0
auto classica,166,0.01
auto da corsa,125,0.01
auto da rally,23,0.0
auto da competizione,55,0.0
auto da tuning,14,0.0
coupé elettrica,37,0.0
cabriolet elettrica,15,0.0
station wagon elettrica,4,0.0
suv elettrica,32,0.0
monovolume elettrica,37,0.0
fuoristrada elettrica,11,0.0
decappottabile elettrica,1,0.0
vasca da bagno,770,0.06
doccia,31052,2.14
lavandino,37944,2.62
wc,18729,1.29
bidet,34738,2.4
specchio,37906,2.62
asciugamani,46624,3.22
portasciugamani,1387,0.1
mobile bagno,35,0.0
piatto doccia,52,0.0
box doccia,1286,0.09
idromassaggio,14758,1.02
rubinetteria,12759,0.88
scalda salviette,423,0.03
colonnina doccia,0,0.0
illuminazione da bagno,11,0.0
ventilatore da bagno,4,0.0
accessori da bagno,20,0.0
stuoie da bagno,4,0.0
tappeti da bagno,37,0.0
water,72109,4.97
armadietto del bagno,21,0.0
tappetino da bagno,29,0.0
piastrelle da bagno,26,0.0
scaldasalviette,2721,0.19
cabina doccia,364,0.03
soffione doccia,30,0.0
wc sospeso,73,0.01
bidet sospeso,321,0.02
sanitari sospesi,440,0.03
lavabo sospeso,109,0.01
box doccia walk-in,40,0.0
piastrelle,23657,1.63
carta igienica,19969,1.37
salviette umidificate,824,0.06
spazzola per capelli,34,0.0
phon,26279,1.81
termostato,17499,1.21
presa elettrica,202,0.01
finestra,42410,2.92
ventola da bagno,0,0.0
sapone,30560,2.1
shampoo,35280,2.43
bagnoschiuma,10703,0.74
rasoio,19742,1.36
spazzolino da denti,103,0.01
dentifricio,19954,1.37
piastrelle del bagno,40,0.0
tappeto da bagno,44,0.0
colonna doccia,58,0.0
sifone del lavandino,32,0.0
sifone della doccia,19,0.0
sifone del water,10,0.0
termostato del bagno,2,0.0
scaldab,2,0.0
balcone francese,36,0.0
balcone juliet,0,0.0
balcone sporgente,23,0.0
balcone avvolgente,17,0.0
balcone a mensola,15,0.0
balcone pensile,26,0.0
balcone panoramico,272,0.02
balcone a galleria,1,0.0
balcone a terrazza,4,0.0
balcone arioso,8,0.0
balcone stretto,61,0.0
balcone profondo,23,0.0
balcone coperto,110,0.0
balcone aperto,368,0.02
balcone angolare,42,0.0
balcone interno,208,0.02
balcone esterno,988,0.06
balcone in ferro,58,0.0
balcone in vetro,52,0.0
balcone in legno,30,0.0
balcone a ringhiera,22,0.0
balcone a sporto,8,0.0
balcone aereo,6,0.0
balcone terrazzato,116,0.0
balcone ad angolo,48,0.0
balcone rialzato,13,0.0
balcone a passerella,1,0.0
balcone a sbalzo,21,0.0
balcone a livello,25,0.0
balcone scoperto,21,0.0
balcone a box,0,0.0
balcone a l,13,0.0
balcone a julietta,0,0.0
balcone a schiena d'asino,0,0.0
balcone a goccia,2,0.0
balcone a bandiera,0,0.0
balcone a loggia,21,0.0
balcone a bovindo,1,0.0
balcone a luc,0,0.0
balcone avvolto,2,0.0
balcone a gabbia,0,0.0
balcone ribaltabile,2,0.0
balcone vetrato,22,0.0
balcon,2336,0.16
balcone ampio,274,0.02
balcone di servizio,25,0.0
balcone condominiale,47,0.0
balcone residenziale,4,0.0
basilico genovese,238,0.02
basilico limetto,0,0.0
basilico a foglia piccola,17,0.0
basilico thai,63,0.0
basilico citrato,0,0.0
basilico sacro,192,0.01
basilico greco,294,0.02
basilico rosso,182,0.02
basilico cannella,68,0.0
basilico napoletano,34,0.0
basilico ananas,1,0.0
basilico liscio,0,0.0
basilico porpora,9,0.0
basilico rufiano,0,0.0
basilico a foglia grande,2,0.0
basilico sacro tailandese,0,0.0
basilico finocchio,1,0.0
basilico limone,43,0.0
basilico all'arancia,0,0.0
basilico a foglie piccole,6,0.0
basilico a foglie grandi,1,0.0
basilico armeno,0,0.0
basilico messicano,11,0.0
basilico anice,9,0.0
basilico camphor,0,0.0
basilico cinnamon,2,0.0
basilico clove,0,0.0
basilico globe,0,0.0
basilico lettuce,0,0.0
basilico mrs. burns' lemon,0,0.0
basilico christmas,0,0.0
basilico arancio,1,0.0
basilico persian,0,0.0
basilico minimo,0,0.0
basilico genovese dop,58,0.0
bicchiere di plastica,76,0.0
bicchiere di vetro,66,0.0
bicchiere di carta,29,0.0
bicchiere da tè,21,0.0
bicchiere da vino,166,0.02
bicchiere da cocktail,517,0.03
bicchiere da caffè,68,0.0
bicchiere tumbler,64,0.0
bicchiere da birra,40,0.0
bicchiere da whisky,182,0.01
bicchiere da long drink,26,0.0
bicchiere da short drink,0,0.0
bicchiere da martini,23,0.0
bicchiere da champagne,72,0.0
bicchiere da acqua,638,0.04
bicchiere da succo,8,0.0
bicchiere da latte,42,0.0
b,46226,3.18
bicchiere da shot,20,0.0
bicchiere termico,137,0.01
bicchiere da viaggio,22,0.0
bicchiere da laboratorio,1,0.0
bicchiere dosatore,85,0.01
bicchiere misurino,1,0.0
bicchi,736,0.05
bicchiere dose,0,0.0
bicchiere mis,0,0.0
bicchiere da whiskey,16,0.0
bicchiere da campeggio,17,0.0
bicchiere da tavola,23,0.0
bicchiere da thè in porcellana,0,0.0
bicchiere da tè in ceramica,0,0.0
bicchiere da tè in vetro,2,0.0
bicchiere da tè sm,0,0.0
city bike,504,0.04
mountain bike,6030,0.42
racing bike,89,0.01
hybrid bike,28,0.0
cruiser bike,28,0.0
folding bike,46,0.0
electric bike,150,0.02
recumbent bike,116,0.0
tandem bike,16,0.0
bmx bike,12,0.0
touring bike,88,0.0
fixed gear bike,13,0.0
cyclocross bike,2,0.0
triathlon bike,10,0.0
unicycle,70,0.0
tricycle,354,0.02
quadracycle,0,0.0
fixie bike,2,0.0
penny-farthing,10,0.0
track bike,18,0.0
kid's bike,13,0.0
cargo bike,44,0.0
exercise bike,18,0.0
adult trike,0,0.0
police bike,5,0.0
fire bike,4,0.0
ambulance bike,0,0.0
postal bike,0,0.0
delivery bike,0,0.0
vintage bike,20,0.0
classic bike,45,0.0
antique bike,0,0.0
beach cruiser,30,0.0
chopper bike,2,0.0
lowrider bike,0,0.0
bmx dirt,4,0.0
balance bike,181,0.01
penny farthing,21,0.0
trail bike,36,0.0
quadricycle,8,0.0
tandem trike,0,0.0
recumbent trike,0,0.0
handcycle,10,0.0
velomobile,88,0.01
quad bike,91,0.01
fat bike,866,0.06
gravel bike,410,0.02
dual sport bike,0,0.0
dirt bike,86,0.0
bocca umana,107,0.01
bocca di un animale,21,0.0
bocca di un pesce,79,0.0
bocca di un uccello,1,0.0
bocca di un rettile,1,0.0
bocca di un anfibio,0,0.0
bocca artificiale,21,0.0
bocca di una pompa,1,0.0
bocca di un tubo,7,0.0
bocca di un imbuto,1,0.0
bocca di un sacco,5,0.0
bocca di una bottiglia,6,0.0
bocca di un contenitore,0,0.0
bocca di un forno,24,0.0
bocca di una stampante,0,0.0
bocca di un altoparlante,0,0.0
bocca di un cannone,20,0.0
bocca di un invertebrato,0,0.0
bocca di una statua,14,0.0
bocca di un robot,1,0.0
bocca di una marionetta,0,0.0
bocca di una bambola,0,0.0
bocca di un animatronic,0,0.0
bocca di un mostro in un film o in un videogioco,0,0.0
bocca di un personaggio dei cartoni animati,0,0.0
bocca animale,13,0.0
bocca di un organismo unicellulare,0,0.0
bocca di un vertebrato,0,0.0
bocca di un insetto,0,0.0
bocca di una pianta carnivora,4,0.0
bocca di una tromba,4,0.0
bocca di un fucile,15,0.0
bocca di un vulcano,21,0.0
bocca di un rubinetto,3,0.0
bocca di una macchina,0,0.0
bocca di una tubatura,0,0.0
bocca di un sacchetto,0,0.0
bocca di una pistola,12,0.0
bocca di un fiume,10,0.0
arti superiori,491,0.03
braccio umano,354,0.02
braccio robotico,286,0.02
braccio meccanico,63,0.0
protesi del braccio,22,0.0
braccio di una gru,22,0.0
braccio di un robot,23,0.0
braccio di un animale,0,0.0
braccio di un robot industriale,3,0.0
braccio di una sedia a rotelle,0,0.0
braccio di una divinità,10,0.0
braccio di un mostro o creatura mitologica,0,0.0
braccio di un pupazzo o marionetta,0,0.0
braccio di una statua,20,0.0
braccio di una macchina,12,0.0
braccio di un giocattolo,0,0.0
braccio di una divinità o personaggio mitologico,0,0.0
braccio di una statua o figura scolpita,0,0.0
braccio di una poltrona o sedia a dondolo,0,0.0
braccio di un paio di,4,0.0
membro superiore,32,0.0
articolazione del braccio,24,0.0
muscoli del braccio,21,0.0
ossa del braccio,20,0.0
nervi del braccio,50,0.0
vasi sanguigni del braccio,3,0.0
pelle del braccio,22,0.0
unghie del braccio,0,0.0
capelli del braccio,0,0.0
braccio di un manichino,4,0.0
bracc,162,0.02
braccio di un orologio,0,0.0
braccio di una balena,0,0.0
brazo,342,0.02
arm,36956,2.54
bras,1525,0.11
brachium,75,0.01
avambraccio,15970,1.1
gomito,41536,2.86
spalla,36444,2.52
omero,23040,1.59
radio,40384,2.78
ulna,2654,0.18
articolazione del gomito,32,0.0
n,30888,2.12
protesi di braccio,9,0.0
ala,20871,1.44
appendice,18184,1.25
braço,36,0.0
arto superiore,310,0.02
appendice toracica,2,0.0
braccio di un gorilla,4,0.0
braccio di un primate,1,0.0
braccio di un dinosauro,0,0.0
saguaro,704,0.05
barile,20189,1.39
cholla,167,0.01
pesco chumbo,0,0.0
old lady hedgehog,0,0.0
bunny ears,17,0.0
fishhook,2,0.0
prickly pear,138,0.0
totem pole,44,0.0
golden barrel,4,0.0
san pedro,138,0.01
pincushion,30,0.0
organ pipe,52,0.0
blue myrtle,0,0.0
queen of the night,31,0.0
silver torch,0,0.0
climbing milk bush,0,0.0
argentine saguaro,0,0.0
cardon,402,0.03
senita,24,0.0
blue palm,4,0.0
feather cactus,0,0.0
threadstalk sansevieria,0,0.0
old man of the andes,0,0.0
rebar cactus,0,0.0
flying disc cactus,0,0.0
ladyfinger cactus,1,0.0
old lady cactus,0,0.0
peyote,3494,0.24
spiny palm,0,0.0
fishhook barrel,0,0.0
claret cup,8,0.0
jumping cholla,8,0.0
night blooming cereus,0,0.0
rat tail cactus,0,0.0
tephrocactus articulatus,2,0.0
agave,20886,1.44
aloe,37988,2.62
bishop's cap,0,0.0
teddy bear,832,0.06
saguaro blossom,0,0.0
saguaro fruit,0,0.0
strawberry hedgehog,0,0.0
saguaro harvest,0,0.0
night blooming cactus,0,0.0
devil's tongue,11,0.0
senita cactus,0,0.0
night blooming queen of the,0,0.0
pesco,40252,2.78
echinopsis,382,0.03
ferocactus,380,0.03
mammillaria,1070,0.08
melocactus,107,0.01
notocactus,72,0.0
parodia,17496,1.21
rebutia,141,0.01
gymnocalycium,182,0.01
echinocereus,127,0.01
sclerocactus,19,0.0
astrophytum,313,0.02
epiphyllum,220,0.02
lophophora,259,0.02
ari,19994,1.38
opuntia,3438,0.24
cereus,835,0.06
ariocarpus,318,0.02
thelocactus,19,0.0
cleistocactus,63,0.0
discocactus,9,0.0
copiapoa,88,0.01
frailea,50,0.0
matucana,49,0.0
calza da neve,20,0.0
calza da running,33,0.0
calza da basket,10,0.0
calza da tennis,17,0.0
calza da calcio,22,0.0
calza da boxe,0,0.0
calza da yoga,1,0.0
calza da danza,5,0.0
calza da ciclismo,24,0.0
calza da pesca,4,0.0
calza da golf,3,0.0
calza da caccia,9,0.0
calza da equitazione,2,0.0
calza da alpinismo,0,0.0
calza da sci,26,0.0
calza da surf,0,0.0
calza da nuoto,0,0.0
calza da pallanuoto,0,0.0
calza da pallavolo,11,0.0
calza da beach volley,0,0.0
calza da baseball,1,0.0
calza da softball,0,0.0
calza da calcetto,0,0.0
calza da trekking,29,0.0
calza a compressione,78,0.01
calza termica,34,0.0
calza da ballo,2,0.0
calza da lavoro,21,0.0
calza da pioggia,0,0.0
calza da montagna,14,0.0
calza da snowboard,0,0.0
calza da g,0,0.0
calza da donna,36,0.0
calza da uomo,26,0.0
calza da bambino,22,0.0
calza alta,7,0.0
calza bassa,9,0.0
calza antinfortunistica,1,0.0
calza di lana,35,0.0
calza di cotone,31,0.0
calza di seta,27,0.0
calza di cashmere,0,0.0
calza da ginnastica,8,0.0
calza con caviglia alta,0,0.0
calza con caviglia bassa,0,0.0
calza senza piede,10,0.0
calza invisibile,12,0.0
calza autoreggente,574,0.04
calza da windsurf,0,0.0
calza da kitesurf,0,0.0
calza da vela,0,0.0
camera da letto,289476,19.950000000000003
camera da pranzo,20,0.0
camera da bagno,22,0.0
camera dei bambini,111,0.01
camera degli ospiti,178,0.01
camera blindata,945,0.07
camera oscura,374,0.02
camera iperbare,0,0.0
camera anecoica,538,0.04
camera di compensazione,29,0.0
camera di combustione,84,0.01
camera di manovra,28,0.0
camera di decompressione,32,0.0
camera di sicurezza,56,0.0
camera di controllo,28,0.0
camera di proiezione,14,0.0
camera di registrazione,25,0.0
camera di saldatura,7,0.0
camera bianca,756,0.05
camera nera,78,0.01
camera di sviluppo,20,0.0
camera di post-produzione,0,0.0
camera di sorveglianza,25,0.0
cucina,36926,2.54
soggiorno,21677,1.49
sala da pranzo,40,0.0
studio,18048,1.24
camera di lancio,38,0.0
camera di consiglio,200,0.01
camera mortuaria,83,0.01
camera di tortura,27,0.0
camera di,44,0.0
camera d'albergo,0,0.0
camera di decelerazione,0,0.0
camera di decomposizione,2,0.0
camera di fermentazione,21,0.0
camera di torrefazione,1,0.0
camera di trattamento,22,0.0
camera di vapore,22,0.0
camera di veglia,0,0.0
camera di ventilazione,25,0.0
camera di visita,3,0.0
camera di commercio,216579,14.92
camera di depressione,23,0.0
camera di scarico,23,0.0
camera di torbidità,0,0.0
camera di combustione secondaria,7,0.0
camera di laminazione,6,0.0
camera di post-combustione,28,0.0
camera di prelievo,6,0.0
camera di compressione,24,0.0
camera di espansione,27,0.0
camera di condensazione,23,0.0
camera di vaporizzazione,23,0.0
camera di espansione termica,0,0.0
camera di miscelazione,22,0.0
camera di reazione,21,0.0
camera di sollevamento,0,0.0
camera di stampa,20,0.0
camera di cottura,35,0.0
camera di essiccazione,47,0.0
camera di ferment,0,0.0
abbottonata,1141,0.08
a maniche corte,30,0.0
a maniche lunghe,33,0.0
hawaiana,3198,0.22
in denim,21,0.0
in flanella,33,0.0
in jersey,92,0.01
in lino,30,0.0
in popeline,26,0.0
in seta,97,0.01
in twill,48,0.0
a collo alto,36,0.0
a collo button-down,0,0.0
a collo mao,0,0.0
a collo tondo,21,0.0
a maglia,202,0.01
a quadri,45,0.0
bianca,32255,2.22
a righe,144,0.01
senza maniche,455,0.03
smanicata,567,0.04
stirata,3571,0.25
sbottonata,1194,0.08
t-shirt,35456,2.44
da notte,157,0.01
imbottita,17503,1.21
in maglia,167,0.01
in tulle,26,0.0
stropicciata,1663,0.11
trasparenti,22127,1.52
camicia da uomo,106,0.0
camicia da donna,44,0.0
camicia da bambino,44,0.0
camicia business,59,0.0
camicia casual,131,0.01
camicia formale,55,0.0
camicia a maniche lunghe,34,0.0
camicia a maniche corte,23,0.0
camicia senza maniche,43,0.0
camicia in cotone,24,0.0
camicia in lino,27,0.0
camicia in seta,28,0.0
camicia stampata,39,0.0
camicia a righe,45,0.0
camicia unita,1,0.0
camicia slim fit,83,0.01
camicia regular fit,16,0.0
camicia oversize,45,0.0
camicia con collo button-down,3,0.0
camicia con collo alla francese,8,0.0
camicia con collo alla napoletana,0,0.0
camicia da notte,174,0.02
camicia da lavoro,52,0.0
camicia da sera,17,0.0
camicia in flanella,23,0.0
camicia in denim,23,0.0
camicia a quadri,60,0.0
camicia monocromatica,0,0.0
camicia hawaiana,120,0.01
tunica,19017,1.31
camion da costruzione,10,0.0
camion dei rifiuti,24,0.0
camion dei pompieri,62,0.0
camion delle consegne,24,0.0
camion frigorifero,356,0.02
autocarro,38636,2.66
camion ribaltabile,36,0.0
camion gru,83,0.01
camion cisterna,673,0.04
trattore stradale,224,0.02
camion militare,534,0.04
camion monterete,0,0.0
camion per il trasporto di container,0,0.0
camion con gru,23,0.0
camion antincendio,28,0.0
camion per il trasporto di bestiame,3,0.0
camion per il trasporto di auto,1,0.0
camion per il trasporto di liquidi,0,0.0
camion per il trasport,0,0.0
autobetoniera,453,0.03
autocisterna,2714,0.19
autogrù,1464,0.1
autosnodato,372,0.03
autotreno,5368,0.37
camion monovolume,0,0.0
camion a due piani,6,0.0
camion elettrico,417,0.03
camion a idrogeno,26,0.0
camion ibrido,47,0.0
camion a metano,34,0.0
camion a gasolio,16,0.0
camion a benzina,10,0.0
camion per il trasporto di merci pericolose,0,0.0
camion per il trasporto di veicoli,0,0.0
autosocomitatore,0,0.0
tir,25327,1.74
semirimorchio,2781,0.19
traino,19132,1.32
camion 4x4,92,0.01
camion per il trasporto di materiali pericolosi,0,0.0
camper,30022,2.06
pick-,0,0.0
camion dei gelati,53,0.0
camion monteriale,0,0.0
rimorchio,15203,1.05
candelabro da tavola,0,0.0
candelabro da parete,6,0.0
candelabro da pavimento,2,0.0
candelabro da soffitto,0,0.0
candelabro da giardino,0,0.0
candelabro elettrico,14,0.0
candelabro in vetro,20,0.0
candelabro in metallo,15,0.0
candelabro in cristallo,20,0.0
candelabro in ceramica,10,0.0
candelabro in marmo,16,0.0
candelabro antico,37,0.0
candelabro moderno,22,0.0
candelabro barocco,22,0.0
candelabro a braccia,1,0.0
candelabro a candela,0,0.0
candelabro da tavolo,2,0.0
candelabro a colonna,2,0.0
candelabro a batteria,0,0.0
candelabro di cristallo,40,0.0
candelabro di metallo,12,0.0
candelabro di design,5,0.0
candelabro in stile barocco,1,0.0
candelabro in stile gotico,0,0.0
candelab,0,0.0
candelabro di marmo,14,0.0
candelabro rustico,0,0.0
candelabro in stile rinascimentale,0,0.0
cand,454,0.03
candelabro a parete,4,0.0
candelabro a braccia multiple,0,0.0
candelabro a sfera,0,0.0
candelabro a candela singola,0,0.0
candelabro a candele multiple,0,0.0
candelabro in ferro battuto,22,0.0
candelabro in ottone,23,0.0
candelabro in legno,23,0.0
candelabro in argento,24,0.0
pastore tedesco,390,0.03
labrador,11337,0.78
chihuahua,20458,1.4
bulldog,11165,0.77
beagle,15767,1.09
dalmata,18023,1.24
golden retriever,2013,0.14
poodle,628,0.04
yorkshire terrier,1186,0.08
setter inglese,84,0.01
barboncino,5593,0.39
boxer,40047,2.76
bassotto,10830,0.75
cocker spaniel,1639,0.11
rottweiler,5101,0.35
husky siberiano,200,0.01
san bernardo,580,0.04
schnauzer,2273,0.16
cane corso,31,0.0
shih tzu,1044,0.07
carlino,34559,2.38
volpino italiano,132,0.01
lhasa apso,303,0.02
cane da pastore maremmano,20,0.0
terranova,23992,1.65
bloodhound,900,0.06
segug,3,0.0
alano,5703,0.39
barbone,15336,1.06
border collie,3139,0.22
cavalier king charles spaniel,203,0.01
husky,9650,0.66
pinscher,2215,0.15
pitbull,7976,0.55
lupo cecoslovacco,158,0.01
shiba inu,691,0.05
alaskan malamute,768,0.05
volpino,10125,0.7
samoiedo,767,0.05
akita inu,769,0.05
corgi,2451,0.17
labrador retriever,1996,0.14
canottiera a maniche corte,1,0.0
canottiera a maniche lunghe,2,0.0
canottiera senza maniche,5,0.0
canottiera termica,7,0.0
canottiera da notte,3,0.0
canottiera da allenamento,1,0.0
canottiera a collo alto,2,0.0
canottiera a collo basso,0,0.0
canottiera in cotone,9,0.0
canottiera in lino,0,0.0
canottiera in seta,6,0.0
canottiera in poliestere,1,0.0
canottiera a righe,13,0.0
canottiera bianca,58,0.0
canottiera nera,45,0.0
canottiera colorata,10,0.0
canottiera con scollo a v,2,0.0
canottiera con scollo a u,0,0.0
canottiera aderente,28,0.0
canottiera larga,10,0.0
canottiera a costine,9,0.0
canottiera da lavoro,4,0.0
canottiera da sport,0,0.0
canottiera da donna,11,0.0
canottiera da uomo,13,0.0
canottiera per bambini,0,0.0
canottiera stampata,0,0.0
canottiera da ginnastica,0,0.0
canottiera da bagno,0,0.0
canottiera senza cuciture,2,0.0
canottiera con scollo a,2,0.0
canottiera slim-fit,0,0.0
canottiera oversize,2,0.0
canottiera con scollo tondo,0,0.0
canottiera da bambino,0,0.0
canottiera a v,1,0.0
canottiera collo tondo,0,0.0
canottiera con scollo a barca,0,0.0
can,41370,2.86
capello liscio,288,0.02
capello riccio,415,0.03
capello ondulato,124,0.01
capello corto,468,0.03
capello lungo,200,0.01
capello medio,547,0.04
capello bianco,263,0.02
capello nero,159,0.01
capello castano,496,0.03
capello rosso,199,0.01
capello grigio,162,0.01
capello rasta,345,0.02
capello biondo,718,0.05
capello afro,25,0.0
capello a caschetto,37,0.0
capello cotonato,39,0.0
capello tinti,148,0.01
capello decolorati,40,0.0
capello mossi,353,0.02
capello lisciati,44,0.0
capello riccioluti,117,0.01
capello fini,81,0.01
capello spessi,49,0.0
capello mosso,255,0.02
capello grassi,179,0.01
capello secchi,389,0.03
capello fragili,71,0.0
capello crespi,176,0.01
capello spenti,686,0.05
capello sani,154,0.01
capello folti,36,0.0
capello ondulati,127,0.01
capello trattati,26,0.0
capello sfibrati,85,0.01
capello rasati,61,0.0
capello spettinati,69,0.0
capello arruffati,132,0.01
capello lucidi,49,0.0
capello opachi,26,0.0
capello sottili,96,0.01
capello m,9,0.0
capello tint,0,0.0
capello mohawk,15,0.0
capello a coda di cavallo,22,0.0
capello spettinato,22,0.0
capello raccolto,58,0.0
capello perso,341,0.02
capello diviso,134,0.01
capello sporco,713,0.05
capello pulito,1139,0.08
capello grasso,75,0.01
capello a spazzola,31,0.0
capello a boccoli,22,0.0
capello rasato,84,0.01
capello brizzolato,100,0.01
capello striato,9,0.0
capello viola,906,0.06
capello rosa,25,0.0
cap,22106,1.52
berretto,37350,2.58
berretta,6558,0.45
basco,16129,1.11
borsalino,7630,0.52
cappello a cloche,21,0.0
cappello a cilindro,35,0.0
cappello di paglia,146,0.02
cappello da baseball,202,0.01
cappello da cowboy,483,0.03
cappello da pescatore,29,0.0
cappello da sole,269,0.02
cappello da tennis,4,0.0
cappello da trecce,0,0.0
cappello ecclesiastico,30,0.0
cappello frigio,66,0.0
cappello piumato,202,0.01
cappello scozzese,21,0.0
fedora,23014,1.58
panama,49564,3.42
trilby,604,0.04
tocco,33600,2.32
boina,142,0.0
berretto da baseball,26,0.0
cappello da chef,26,0.0
cappello a bombetta,142,0.01
cappello di lana,56,0.0
cappello di feltro,42,0.0
cappello da astronauta,0,0.0
cappello da polizia,0,0.0
cappello da militare,6,0.0
cappello da alpinista,0,0.0
cappello da caccia,44,0.0
cappello da safari,12,0.0
cappello a falda larga,297,0.02
cappello da pilota,21,0.0
cappello da pompiere,20,0.0
cappello da sera,4,0.0
cappello fez,4,0.0
cappello panama,37,0.0
ghigna,1043,0.07
pile,30811,2.12
boater,24,0.0
berretto da pesca,4,0.0
berretto da cowboy,3,0.0
berretto da lana,0,0.0
biretta,177,0.01
berretto frigio,1031,0.07
berretto da notte,30,0.0
cappello da escursionismo,0,0.0
cappello da marinaio,23,0.0
cappello da panama,0,0.0
c,47222,3.26
cappello di pelliccia,186,0.01
cappello di seta,44,0.0
cappello pieghevole,13,0.0
cappello parasole,34,0.0
cappello con visiera,24,0.0
cappotto invernale,23,0.0
cappotto estivo,20,0.0
cappotto imbottito,28,0.0
cappotto leggero,68,0.0
cappotto da pioggia,0,0.0
cappotto da cerimonia,5,0.0
cappotto da caccia,1,0.0
cappotto da equitazione,2,0.0
cappotto da lavoro,3,0.0
cappotto trench,17,0.0
cappotto pea,1,0.0
cappotto parka,10,0.0
cappotto duffle,0,0.0
cappotto anorak,0,0.0
cappotto bomber,1,0.0
cappotto blazer,0,0.0
cappotto paletot,0,0.0
cappotto chesterfield,6,0.0
cappotto ulster,2,0.0
cappotto reding,0,0.0
cappotto di pelle,46,0.0
cappotto di lana,58,0.0
cappotto da motociclista,12,0.0
cappotto militare,148,0.01
cappotto in tela,2,0.0
cappotto in velluto,17,0.0
cappotto in tweed,23,0.0
cappotto in cashmere,25,0.0
cappotto in seta,5,0.0
cappotto in pile,14,0.0
cappotto in nylon,6,0.0
cappotto in poliestere,2,0.0
cappotto in ec,0,0.0
cappotto da uomo,24,0.0
cappotto da donna,28,0.0
cappotto da bambino,4,0.0
cappotto in pelle,24,0.0
cappotto in lana,22,0.0
cappotto in tessuto tecnico,4,0.0
cappotto da sci,1,0.0
cappotto da moto,8,0.0
cappotto antipioggia,5,0.0
cappotto a vento,0,0.0
cappotto con cappuccio,21,0.0
cappotto impermeabile,80,0.01
cappotto lungo,165,0.01
cappotto corto,151,0.01
cappotto classico,78,0.01
cappotto sportivo,38,0.0
cappotto in piumino,1,0.0
cappotto pea coat,0,0.0
cappotto d'ispirazione vintage,0,0.0
cappotto elegante,147,0.01
cappotto casual,13,0.0
cappotto in ecopelle,2,0.0
manzo,37800,2.6
maiale,29242,2.02
pollo,39192,2.7
agnello,35370,2.44
vitello,41866,2.88
tacchino,29488,2.04
cinghiale,36268,2.5
coniglio,28814,1.98
cervo,42834,2.96
anatra,35448,2.44
oca,37998,2.62
capretto,11804,0.81
castrato,12416,0.86
cavallo,1595308,109.92
montone,15314,1.06
cervella,1970,0.14
fegato,31160,2.14
lingua,36926,2.54
trippa,15805,1.09
rognoni,6515,0.45
guanciale,16893,1.16
pancetta,88226,6.08
salsiccia,39326,2.7
prosciutto,36924,2.54
salame,35764,2.46
bacon,37580,2.58
hot dog,1284,0.09
sushi,33650,2.32
alce,21192,1.46
fagiano,24130,1.66
quaglia,22331,1.54
struzzo,15871,1.09
tacchino selvatico,41,0.0
faraona,5396,0.37
oca selvatica,442,0.04
anatra mandarina,121,0.01
cappone,8532,0.59
gallina,42830,2.96
tacchino ruspante,13,0.0
pollo da cortile,20,0.0
maiale nero,48,0.0
manzo wagyu,96,0.01
angus,17406,1.2
bisonte,11141,0.77
bufalo,15470,1.07
lonza,4479,0.31
hamburger,19687,1.36
mortadella,19945,1.37
kosher,5959,0.41
halal,4981,0.34
carne in scatola,24,0.0
carne essiccata,477,0.03
carne affumicata,29,0.0
carne secca,31,0.0
cavia,55114,3.8
rana,33956,2.34
serpente,22216,1.53
ragno,17993,1.24
grillo,26273,1.81
lumaca,17709,1.22
manzo di kobe,25,0.0
carne equina,54,0.0
carne di bufalo,54,0.0
carne di struzzo,34,0.0
carne di canguro,20,0.0
carne di alligatore,15,0.0
carrozza ferroviaria,82,0.0
carrozza tranviaria,18,0.0
carrozza funebre,97,0.01
carrozza da parata,14,0.0
carrozza trainata da cavalli,30,0.0
carrozza a vapore,27,0.0
carrozza aerea,2,0.0
carrozza spaziale,0,0.0
carrozza da golf,0,0.0
carrozza per il trasporto di merci,1,0.0
carrozza letto sui treni,0,0.0
carrozza ristorante sui treni,1,0.0
carrozza panoramica sui treni,0,0.0
carrozza per disabili sui treni,0,0.0
carrozza a cavalli,32,0.0
carrozza lettiga,0,0.0
carrozza passeggino,2,0.0
carrozza da teatro,0,0.0
carrozza per bambini,21,0.0
carrozza da giostra,0,0.0
carrozza da circo,2,0.0
carrozza postale,119,0.01
carrozza merci,42,0.0
carrozza ristorante,687,0.05
carrozza dormitorio,2,0.0
carrozza salone,46,0.0
carrozza trainata da buoi,4,0.0
carrozza di lusso,23,0.0
carrozza passeggeri,84,0.01
carrozza letto,296,0.02
carrozza bagagli,26,0.0
carrozza panoramica,82,0.01
carrozza con tendalino,0,0.0
carrozza aperta,58,0.0
carrozza ch,0,0.0
carrozza cuccetta,62,0.0
carrozza bagagliaio,31,0.0
carrozza climatizzata,6,0.0
carrozza per disabili,3,0.0
carrozza per biciclette,0,0.0
carrozza per animali,0,0.0
carrozza per il personale,0,0.0
carrozza per il bagaglio a mano,0,0.0
carrozza per il pronto soccorso,0,0.0
carrozza per la cucina,0,0.0
carrozza per la cella frigorifera,0,0.0
carrozza per il matrimonio,3,0.0
carrozza trainata da animali,1,0.0
carrozza a motore,20,0.0
carta vetrata,175,0.01
carta da parati,34333,2.37
carta da lettere,1171,0.08
carta fotografica,206,0.02
carta da regalo,1847,0.13
carta da forno,395,0.03
carta stagnola,196,0.01
carta igienica umidificata,27,0.0
carta da imballaggio,33,0.0
carta da zucchero,84,0.01
carta da musica,35,0.0
carta geografica,9763,0.67
carta da parati adesiva,23,0.0
carta da lucido,38,0.0
carta da schizzo,20,0.0
carta da giornale,49,0.0
carta da bricole,0,0.0
carta per fotocopie,29,0.0
carta per stampanti,23,0.0
cart,9391,0.65
carta assorbente,295,0.02
carta da briciole,0,0.0
carta da poker,24,0.0
carta da parati vinilica,39,0.0
carta per computer,6,0.0
carta da c,17,0.0
carta regalo,90,0.01
carta da briscola,25,0.0
carta da gioco,206,0.02
carta alluminio,744,0.05
carta da cucina,5171,0.36
carta igienica riciclabile,1,0.0
carta ricicl,0,0.0
carta da stampante,27,0.0
carta riciclata,129,0.01
carta plastificata,24,0.0
carta per collage,5,0.0
carta per dolci,19,0.0
carta per fot,0,0.0
carta millerighe,17,0.0
carta tecnica,42,0.0
cassettiera da camera da letto,1,0.0
cassettiera da soggiorno,1,0.0
cassettiera da ufficio,27,0.0
cassettiera da sala da pranzo,0,0.0
cassettiera da studio,0,0.0
cassettiera da bagno,7,0.0
cassettiera da ingresso,5,0.0
cassettiera con ante,0,0.0
cassettiera con scomparti aperti,0,0.0
cassettiera con specchio,21,0.0
cassettiera vintage,42,0.0
cassettiera moderna,59,0.0
cassettiera in stile industriale,4,0.0
cassettiera in legno,20,0.0
cassettiera in metallo,17,0.0
cassettiera con ruote,34,0.0
cassettiera da corridoio,0,0.0
cassettiera da cucina,2,0.0
cassettiera da giardino,0,0.0
cassettiera da terrazza,0,0.0
cassettiera da balcone,1,0.0
cassettiera da cameretta,0,0.0
cassettiera da studio per bambini,0,0.0
cassettiera da sala giochi,0,0.0
cassettiera da soggiorno-pranzo,0,0.0
cassettiera da camera armadio,0,0.0
cassettiera a 2 cassetti,20,0.0
cassettiera per ufficio,20,0.0
cassettiera per cameretta,2,0.0
cassettiera per soggiorno,0,0.0
cassettiera per camera da letto,2,0.0
cassettiera senza ante,0,0.0
cassettiera con scomparti,1,0.0
cassettiera in stile rustico,1,0.0
cassettiera in stile classico,3,0.0
cassettiera con cassetti grandi,0,0.0
cassettiera con cassetti piccoli,0,0.0
cassett,41,0.0
cassettiera con ante scorrevoli,0,0.0
cassettiera con ante apribili,0,0.0
quarter horse,452,0.03
purosangue inglese,21,0.0
appaloosa,2678,0.18
arabo,36422,2.5
mustang,11985,0.83
clydesdale,220,0.02
paint horse,75,0.01
hanoveriano,1,0.0
frisone,3504,0.24
andaluso,8188,0.56
trotter americano,1,0.0
cavallo islandese,24,0.0
welsh pony,17,0.0
shetland pony,17,0.0
palomino,2166,0.15
morgan,24167,1.67
lipizzano,213,0.01
camargue,4679,0.32
akhal-teke,44,0.0
selle français,30,0.0
shire,2450,0.17
tennessee walking horse,15,0.0
rocky mountain horse,8,0.0
kentucky mountain saddle horse,1,0.0
missouri fox trotter,10,0.0
spotted saddle horse,1,0.0
gypsy vanner,26,0.0
trakehner,51,0.0
paso fino,25,0.0
kurdo,2876,0.2
przewalski,286,0.02
percheron,226,0.02
friesian sport horse,0,0.0
australian stock horse,7,0.0
kiger mustang,2,0.0
bardigiano,513,0.04
lusitano,7870,0.54
fredri,2,0.0
welsh,4133,0.28
shetland,3155,0.22
curly horse,0,0.0
hackney,1211,0.08
oldenburg,2869,0.2
holsteiner,58,0.0
friesian,330,0.02
mustang selvaggio,39,0.0
cavallo spagnolo,165,0.01
welsh cob,27,0.0
sella italiano,105,0.01
noriker,40,0.0
knabstrupper,53,0.0
cavallo polacco,19,0.0
cavallo rus,0,0.0
norfolk roadster,3,0.0
friesian sporthorse,0,0.0
kleiner münsterländer,3,0.0
cd audio,275,0.02
cd-rom,48274,3.32
cd-r,6332,0.44
cd-rw,2480,0.18
cd compact video,0,0.0
cd extra capacity,0,0.0
cd multi-session,0,0.0
cd plus,22,0.0
cd text,44,0.0
cd-i,386,0.03
enhanced cd,56,0.0
super audio cd,267,0.02
video cd,286,0.02
svcd,1696,0.12
cd-interactive,1,0.0
cd-extra,41,0.0
cd-multisession,0,0.0
cd-braille,0,0.0
cd-g,14,0.0
cd-midi,0,0.0
cd-i ready,0,0.0
cd-r/rw for digital cameras,0,0.0
cd maxi,34,0.0
cd single,163,0.01
cd-da,434,0.02
cd-mi,0,0.0
cd-text,142,0.01
photocd,151,0.01
videocd,356,0.02
dvd-audio,447,0.03
dualdisc,135,0.01
cd-bridge,1,0.0
minidisc,600,0.04
hdcd,138,0.01
enhanced music cd,6,0.0
cd-rom xa,44,0.0
cd-mo,4,0.0
cd-r/rw,0,0.0
vinyldisc,0,0.0
cd singolo,1134,0.08
cd promozionale,178,0.01
cd video,70,0.0
cd+g,108,0.01
vinyl disc,2,0.0
cd-g/sb,0,0.0
centrotavola floreale,50,0.0
centrotavola di frutta,21,0.0
centrotavola di candele,4,0.0
centrotavola di vasi,0,0.0
centrotavola di libri,0,0.0
centrotavola di pietre,1,0.0
centrotavola di specchi,0,0.0
centrotavola di metallo,0,0.0
centrotavola di legno,1,0.0
centrotavola di vetro,7,0.0
centrotavola di ceramica,1,0.0
centrotavola di plastica,2,0.0
centrotavola stagionale,2,0.0
centrotavola a tema,24,0.0
centrotavola di piante,0,0.0
centrotavola di ciotole,0,0.0
centrotavola di statue,0,0.0
centrotavola di conchiglie,1,0.0
centrotavola di candelabri,0,0.0
centrotavola di fiori secchi,11,0.0
centrotavola di lumini,0,0.0
centrotavola di caramelle,1,0.0
centrotavola di dolci,1,0.0
centrotav,1,0.0
centrotavola di pigne,4,0.0
centrotavola di zucche,1,0.0
centrotavola di sassi,0,0.0
centrotavola di candele profumate,0,0.0
centrotavola di piante grasse,0,0.0
centrotavola di fotografie,0,0.0
centrotavola di candel,0,0.0
centrotavola da festa,0,0.0
centrotavola da tavolo formale,0,0.0
centrotavola da barbecue,0,0.0
centrotavola da cucina,1,0.0
centrotavola da buffet,0,0.0
centrotavola da giardino,0,0.0
centrotavola da matrimonio,4,0.0
centrotavola da natale,0,0.0
centrotavola da pasqua,0,0.0
centrotavola da halloween,0,0.0
centrotavola da ringraziamento,0,0.0
centrotavola da compleanno,0,0.0
centrotavola da cocktail,0,0.0
centrotavola da vino,0,0.0
centrotavola da caffè,0,0.0
centrotavola da tè,0,0.0
centrot,1,0.0
centrotavola con candele,29,0.0
centrotavola con piante,6,0.0
centrotavola di cibo,0,0.0
centrotavola minimalista,2,0.0
centrotavola di natale,20,0.0
centrotavola di halloween,18,0.0
centrotavola di san valentino,2,0.0
centrotavola rustico,20,0.0
centrotavola moderno,25,0.0
centrotavola vintage,6,0.0
centrotavola in vetro,24,0.0
centrotavola in metallo,6,0.0
centrotavola in legno,20,0.0
centrotavola in,30,0.0
frumento,40840,2.82
mais,30916,2.12
riso,726124,50.02
orzo,34190,2.36
avena,24926,1.72
segale,36444,2.52
miglio,18304,1.26
grano saraceno,2250,0.16
farro,45554,3.14
quinoa,26718,1.84
grano duro,1226,0.08
grano tenero,801,0.06
sorgo,6638,0.46
miglio perlato,55,0.0
bulgur,2098,0.14
couscous,4323,0.3
tapioca,3303,0.23
amaranto,30834,2.12
teff,1579,0.11
fonio,509,0.04
grano,37564,2.58
granturco,13754,0.94
panico,30920,2.14
triticale,789,0.05
fiocchi d'avena,0,0.0
fiocchi di granturco,14,0.0
farina di mais,21,0.0
pasta di grano,31,0.0
pane di grano,88,0.0
pasta all'uovo,0,0.0
pasta integrale,125,0.01
riso integrale,810,0.06
riso selvatico,86,0.0
riso basmati,770,0.05
riso jasmine,156,0.01
muesli,11462,0.78
pasta di grano duro,31,0.0
pane,34818,2.4
pizza,36890,2.54
biscotti,52370,3.6
cracker,11445,0.79
birra,38948,2.68
whiskey,8743,0.6
vodka,17351,1.2
gin,38760,2.68
pasta di grano tenero,23,0.0
fette biscott,5,0.0
fiocchi di mais,28,0.0
riso soffiato,294,0.02
cereali per la colazione,26,0.0
crunch,10830,0.75
cheerios,860,0.06
corn flakes,3778,0.26
rice krispies,264,0.02
kapok,596,0.04
kañiwa,2,0.0
montina,1063,0.07
pasta,33336,2.3
cervello umano,392,0.02
cervello di primati,16,0.0
cervello di mammiferi,38,0.0
cervello di uccelli,4,0.0
cervello di rettili,4,0.0
cervello di anfibi,0,0.0
cervello di pesci,2,0.0
cervello invertebrati,0,0.0
cervello artificiale,678,0.04
cervello di insetti,2,0.0
cervello di crostacei,1,0.0
cervello di molluschi,0,0.0
cervello di echinodermi,0,0.0
cervello di nematodi,0,0.0
cervello di cnidari,0,0.0
cervello di placozoi,0,0.0
cervello di foraminiferi,0,0.0
cervello di un mammifero,24,0.0
cervello di un rettile,8,0.0
cervello di un uccello,14,0.0
cervello di un anfibio,1,0.0
cervello di un pesce,26,0.0
cervello di un invertebrato,0,0.0
cervello di un insetto,8,0.0
cervello di un mollusco,1,0.0
cervello di un crostaceo,0,0.0
cervello di un computer,24,0.0
cervello quantistico,17,0.0
cervello virtuale,32,0.0
cervello di una rete neurale,0,0.0
cervello di scimmia,24,0.0
cervello di topo,20,0.0
cervello di balena,3,0.0
cervello di uccello,10,0.0
cervello di rettile,34,0.0
cervello di anfibio,0,0.0
cervello di pesce,6,0.0
cervello invertebrato,0,0.0
cervello embrionale,23,0.0
cervello fetale,170,0.01
cervello sano,624,0.04
cervello malato,321,0.02
cervello vecchio,29,0.0
cervello giovane,90,0.01
cervello maschile,33,0.0
cervello femminile,26,0.0
cervello destro,364,0.03
cervello sinistro,249,0.02
cervello rett,0,0.0
cervello maturo,62,0.0
cervello danneggiato,157,0.01
cervello di neonato,26,0.0
cervello di anziano,18,0.0
cervello di donna,21,0.0
cervello di uomo,44,0.0
chitarra acustica,2048,0.14
chitarra classica,1036,0.08
chitarra elettrica,43298,2.98
chitarra a 12 corde,50,0.0
chitarra resofonica,172,0.01
chitarra battente,256,0.02
chitarra jazz,134,0.01
chitarra spagnola,44,0.0
chitarra hawaiana,87,0.01
chitarra folk,460,0.03
chitarra semiacustica,173,0.01
chitarra basso,660,0.04
chitarra a 7 corde,42,0.0
chitarra silenziosa,0,0.0
chitarra ibrida,5,0.0
chitarra a forma di mezza luna,0,0.0
chitarra a forma di violino,0,0.0
chitarra a forma di banjo,0,0.0
chitarra semi-acustica,33,0.0
chitarra flamenca,35,0.0
chitarra russa,5,0.0
chitarra banjo,22,0.0
chitarra ukulele,18,0.0
chitarra mandolino,22,0.0
chitarra slide,42,0.0
chitarra lap steel,46,0.0
chitarra tapping,2,0.0
chitarra fingerstyle,147,0.01
chitarra two-hand tapping,0,0.0
chitarra per bambini,31,0.0
chitarra a forma di arpa,0,0.0
chitarra a tre neck,0,0.0
chitarra a pedali,1,0.0
chitarra a 8 cor,0,0.0
acustica,49102,3.38
a 12 corde,28,0.0
resofonica,280,0.02
semi-acustica,306,0.02
basso elettrico,90,0.01
a forma di banjo,0,0.0
a 7 corde,24,0.0
con corpo hollow body,0,0.0
con corpo semi-hollow body,0,0.0
con pickup attivi,22,0.0
con pickup passivi,12,0.0
con tastiera in ebano,21,0.0
con tastiera in palissandro,26,0.0
con manico in acero,27,0.0
con manico in mogano,7,0.0
con finitura lucida,61,0.0
con finitura opaca,36,0.0
con cutaway,11,0.0
con headstock a punta,0,0.0
con,22572,1.56
battente,20265,1.4
jazz,21650,1.49
a forma di fido,0,0.0
banjo-chitarra,7,0.0
double neck,32,0.0
touch,17150,1.18
steel,19177,1.32
silenziosa,24679,1.7
con effetti integrati,25,0.0
harp,2201,0.15
multi-scala,189,0.01
tapping,2429,0.17
arpa-chitarra,2,0.0
fretless,936,0.06
gypsy,3031,0.21
ukulele-chitarra,2,0.0
viola-chitarra,3,0.0
violino-chitarra,15,0.0
mandol,11,0.0
ciclamino di napoli,0,0.0
ciclamino persiano,3,0.0
ciclamino di cos,0,0.0
ciclamino di milano,0,0.0
ciclamino purpureum,0,0.0
ciclamino cilicio,0,0.0
ciclamino balearicum,1,0.0
ciclamino graecum,0,0.0
ciclamino repandum,0,0.0
ciclamino somalense,0,0.0
ciclamino etiopico,0,0.0
ciclamino africano,0,0.0
ciclamino di baleari,0,0.0
ciclamino coum,3,0.0
ciclamino cretese,2,0.0
ciclamino rosso,30,0.0
ciclamino a foglie larghe,0,0.0
ciclamino di creta,0,0.0
ciclamino di rhodope,0,0.0
ciclamino di somalia,0,0.0
cyclamen coum,17,0.0
cyclamen hederifolium,67,0.0
cyclamen purpurascens,37,0.0
cyclamen libanoticum,5,0.0
cyclamen mirabile,2,0.0
cyclamen repandum,63,0.0
cyclamen graecum,9,0.0
cyclamen cilicium,3,0.0
cyclamen alpinum,0,0.0
cyclamen balearicum,5,0.0
cyclamen colchicum,1,0.0
cyclamen creticum,2,0.0
cyclamen pseudibericum,1,0.0
cyclamen elegans,2,0.0
cyclamen somalense,0,0.0
cyclamen rohlfsianum,2,0.0
cyclamen africanum,7,0.0
cyclamen confusum,0,0.0
cyclamen persicum,64,0.0
cyclamen intaminatum,1,0.0
prunus avium,466,0.03
prunus cerasus,281,0.02
prunus fruticosa,1,0.0
prunus mahaleb,83,0.01
prunus padus,59,0.0
prunus serrulata,79,0.01
prunus subhirtella,18,0.0
prunus x yedoensis,6,0.0
prunus incisa,6,0.0
prunus serotina,91,0.01
prunus virginiana,4,0.0
prunus pensylvanica,1,0.0
prunus besseyi,0,0.0
ciliegio dolce,262,0.02
ciliegio acido,179,0.01
ciliegio tardivo,29,0.0
ciliegio violetto,0,0.0
ciliegio di montmorency,1,0.0
ciliegio di bing,0,0.0
ciliegio di rainier,0,0.0
ciliegio di stella,0,0.0
ciliegio di tartara,0,0.0
ciliegio di van,0,0.0
cioccolato fondente,7584,0.52
cioccolato al latte,176,0.02
cioccolato bianco,454,0.04
cioccolato amaro,64,0.0
cioccolato con nocciole,21,0.0
cioccolato con arachidi,10,0.0
cioccolato al menta,0,0.0
cioccolato con frutta secca,21,0.0
cioccolato con frutti rossi,20,0.0
cioccolato al caramello,40,0.0
cioccolato con peperoncino,17,0.0
cioccolato con sale marino,1,0.0
cioccolato gianduia,91,0.01
cioccolato con rum,11,0.0
cioccolato con cannella,2,0.0
cioccolato con cardamomo,0,0.0
cioccolato con menta,11,0.0
cioccolato con frutti di bosco,16,0.0
cioccolato con sale,5,0.0
cioccolato con pesca,3,0.0
cioccolato con mandorle,27,0.0
cioccolato con cocco,4,0.0
cioccolato con arancia,23,0.0
cioccolato con cereali,11,0.0
cioccolato con brandy,1,0.0
cioccolato con whisky,0,0.0
cioccolato con riso soffiato,16,0.0
cioccolato al gianduia,25,0.0
cioccolato con frutta,34,0.0
cioccolato con caramello,21,0.0
cioccolato con nougat,0,0.0
cioccolato con tè match,0,0.0
colla stick,50,0.0
colla a caldo,54,0.0
colla vinilica,484,0.03
colla a contatto,25,0.0
colla spray,336,0.02
colla super collante,0,0.0
colla istantanea,76,0.01
colla per legno,35,0.0
colla per carta,24,0.0
colla per metallo,16,0.0
colla per plastica,22,0.0
colla per ceramica,21,0.0
colla per tessuto,28,0.0
colla per vetro,25,0.0
colla per piastrelle,27,0.0
colla per piastrelle in vinile,0,0.0
colla per moquette,3,0.0
colla per pavimenti,25,0.0
colla per cemento,3,0.0
colla per asfalto,0,0.0
colla per gom,0,0.0
colla contact,0,0.0
colla universale,153,0.01
colla epossidica,49,0.0
colla a presa rapida,33,0.0
colla impermeabile,16,0.0
colla alimentare,175,0.01
colla a base d'acqua,0,0.0
colla solvente,13,0.0
colla termofusibile,52,0.0
colla siliconica,53,0.0
colla acrilica,144,0.01
colla a bastone,0,0.0
colla per tessuti,22,0.0
colla per pietra,6,0.0
colla per stoffa,20,0.0
colla per cuoio,4,0.0
colla per plastisola,0,0.0
colla per gomma,8,0.0
colla per ceramica smaltata,0,0.0
coll,31758,2.18
colla per vinile,1,0.0
colla per ceramica fredda,0,0.0
colla per mosaico,3,0.0
colla per legno massiccio,1,0.0
colla per automobili,0,0.0
colla per modellismo,16,0.0
colla per ri,0,0.0
collo della maglietta,20,0.0
collo della bottiglia,40,0.0
collo di una persona,23,0.0
collo di un animale,9,0.0
collo di una camicia,17,0.0
collo di un vestito,2,0.0
collo di un pallone,0,0.0
collo di un vaso,4,0.0
collo di un cavatappi,0,0.0
collo di una bottiglietta,7,0.0
collo di una bottiglia di vino,6,0.0
collo di una brocca,2,0.0
collo di un thermos,0,0.0
collo di una lampada,2,0.0
collo di un fiasco,4,0.0
collo di un barattolo,1,0.0
collo di un pennarello,0,0.0
collo di una penna,0,0.0
collo della camicia,26,0.0
collo di bottiglia,55,0.0
collo della gruccia,0,0.0
collo della bottiglietta,22,0.0
collo dell'utero,0,0.0
collo della clavicola,0,0.0
collo della tazza,2,0.0
collo della bottiglia termica,0,0.0
collo della zucca,3,0.0
collo del fiore,2,0.0
collo della giraffa,25,0.0
collo del cigno,27,0.0
collo della bottiglia di plastica,9,0.0
collo del tulipano,1,0.0
collo della bottiglia di vetro,4,0.0
collo della bottiglia di soda,0,0.0
collo della bottiglia di b,0,0.0
collo di una maglietta,5,0.0
collo di un cigno,20,0.0
collo di un cavallo,21,0.0
collo di un pavone,3,0.0
collo di un giraffe,0,0.0
collo di un fiume,0,0.0
collo di una giacca,13,0.0
collo di una gru,0,0.0
collo di un cigno nero,1,0.0
collo di utero,8,0.0
collo vertebrale,0,0.0
collo idraulico,0,0.0
collo di una bottiglia di birra,9,0.0
col,24724,1.7
collo di una maglia,4,0.0
collo di una canottiera,0,0.0
collo di un golf,0,0.0
collo di una felpa,0,0.0
collo di una tuta,0,0.0
collo di una divisa,0,0.0
collo di una camicia da notte,0,0.0
collo di una sottoveste,0,0.0
collo della giacca,25,0.0
collo della borsa,3,0.0
collo della scarpa,29,0.0
collo di un cappotto,3,0.0
collo di una canotta,0,0.0
collo di un top,0,0.0
collo di una tunica,0,0.0
colonna sonora,11026,0.76
colonna di distillazione,30,0.0
colonna di faraday,0,0.0
colonna di fuoco,21,0.0
colonna di berthelot,0,0.0
colonna di separazione,44,0.0
colonna di carico,21,0.0
colonna di scarico,41,0.0
colonna montante,63,0.0
colonna di sollevamento,23,0.0
colonna di supporto,40,0.0
colonna vertebrale,4644,0.32
colonna di porland,0,0.0
colonna di barlow,0,0.0
colonna di lambert,0,0.0
colonna di miscelazione,0,0.0
colonna di perforazione,15,0.0
colonna di estrazione,15,0.0
colonna di condensazione,7,0.0
colonna di raffreddamento,15,0.0
colonna di espansione,0,0.0
colonna di sostegno,66,0.0
colonna di merce,0,0.0
colonna infinita,92,0.01
colonna portante,1396,0.1
colonna morris,19,0.0
colonna di adduttori,0,0.0
colonna di distribuzione,20,0.0
colonna di buermann,0,0.0
colonna di lavoisier,0,0.0
colonna di destrezza,0,0.0
colonna di ghiaccio,42,0.0
colonna cava,29,0.0
colonna di deionizzazione,1,0.0
colonna di trattamento,6,0.0
colonna di mercurio,30,0.0
colonna di deaerazione,0,0.0
colonna di refrigerazione,2,0.0
colonna di banchina,0,0.0
colonna di segnalazione,2,0.0
colonna di lancio,0,0.0
colonna di fumo,57,0.0
colonna di iniezione,4,0.0
colonna di faro,1,0.0
colonna di additivi,0,0.0
colonna pubblicitaria,16,0.0
colonna di buerret,0,0.0
colonna di newton,0,0.0
colonna di eratostene,0,0.0
colonna di gradazione,0,0.0
colonna di addotti,0,0.0
colonna trascendente,0,0.0
colonna di sostituzione,1,0.0
colonna di direzione,6,0.0
colonna di debiti,0,0.0
colonna di flusso,5,0.0
colonna di estrusione,0,0.0
coltello da cucina,206,0.02
coltello da tavola,21,0.0
coltello da pesca,20,0.0
coltello da caccia,84,0.0
coltello da combattimento,34,0.0
coltello da sushi,21,0.0
coltello da formaggio,25,0.0
coltello da pane,37,0.0
coltello da bistecca,45,0.0
coltello da macellaio,29,0.0
coltello da sopravvivenza,26,0.0
coltello da coltivazione,0,0.0
coltello da artigianato,0,0.0
coltello pieghevole,25,0.0
coltello a serramanico,38,0.0
coltello a farfalla,30,0.0
coltello da chef,27,0.0
coltello da caccia pieghevole,3,0.0
coltello da utility,1,0.0
coltello da caccia con l,0,0.0
coltello da caccia grossa,1,0.0
coltello da utilità,5,0.0
coltello a lama fissa,26,0.0
coltello da caccia tattica,0,0.0
coltello da coltiv,0,0.0
coltello da pesce,58,0.0
coltello da pipa,1,0.0
coltello da giardinaggio,3,0.0
coltello da sarto,0,0.0
coltello da lettere,0,0.0
coltello da ghiaccio,4,0.0
coltello da cacc,0,0.0
coltello da caccia tascabile,0,0.0
coltello da trincea,11,0.0
coltello da caccia a lama fissa,10,0.0
coltello da arti marziali,0,0.0
coltello da sport,3,0.0
comodino in legno,20,0.0
comodino in metallo,22,0.0
comodino con cassetto,25,0.0
comodino con vano aperto,0,0.0
comodino con scomparto per libri,0,0.0
comodino da parete,3,0.0
comodino vintage,45,0.0
comodino moderno,229,0.02
comodino con carica wireless,0,0.0
comodino con illuminazione integrata,1,0.0
comodino in plastica,2,0.0
comodino industriale,2,0.0
comodino con cassetti,25,0.0
comodino con scomparto segreto,0,0.0
comodino da lettura,1,0.0
comodino con ruote,17,0.0
comodino in stile minimalista,0,0.0
comodino con presa di corrente usb,0,0.0
comodino con portaoggetti,0,0.0
comodino pieghevole,2,0.0
comodino con design personalizzato,0,0.0
comodino da appoggio,5,0.0
comodino con presa elettrica,0,0.0
comodino con lampada integrata,1,0.0
comodino in stile industriale,3,0.0
comodino in stile scandinavo,1,0.0
comodino in stile rustico,1,0.0
comodino in stile boho,0,0.0
comodino con scomparti,2,0.0
comodino girevole,2,0.0
comodino da camera da letto,8,0.0
comodino con porta caricabatterie,0,0.0
comodino con cestino portaoggetti,0,0.0
comodino con illuminazione,2,0.0
comodino con prese elettriche,0,0.0
comodino con specchio,5,0.0
comodino in leg,0,0.0
comodino in vetro,27,0.0
comodino con scomparto per cavi,0,0.0
comodino con cassetto portaoggetti,0,0.0
comodino con ripiani,2,0.0
comodino con serratura,1,0.0
comodino con port,0,0.0
desktop,35954,2.48
laptop,43154,2.98
workstation,30964,2.14
server,34604,2.38
mainframe,11328,0.78
supercomputer,14442,1.0
tablet,47800,3.3
smartphone,33938,2.34
wearable computer,50,0.0
nas,19228,1.32
thin client,924,0.06
virtual machine,2120,0.14
cloud computer,35,0.0
handheld computer,22,0.0
gaming computer,26,0.0
single-board computer,123,0.01
embedded computer,17,0.0
rugged computer,4,0.0
all-in-one computer,8,0.0
chromebook,5911,0.41
storage area network,120,0.01
blade server,26,0.0
router,36352,2.5
switch,40604,2.8
firewall,17921,1.23
gateway,17069,1.18
modem,45402,3.12
cloud computing,6008,0.42
edge computing,1288,0.08
grid computer,13,0.0
cluster computer,5,0.0
computer quantistico,99,0.01
computer embedded,100,0.01
mini computer,40,0.0
gaming console,53,0.0
computer a cartucce,0,0.0
computer palmare,41,0.0
computer di bordo,114,0.01
comò antico,25,0.0
comò moderno,53,0.0
comò in legno,33,0.0
comò con specchio,23,0.0
comò a più cassetti,1,0.0
comò con cassetto segreto,0,0.0
comò in stile vintage,2,0.0
comò in stile industriale,1,0.0
comò in stile minimalista,0,0.0
comò in stile rustico,0,0.0
comò in stile classico,1,0.0
comò con gambe scolpite,0,0.0
comò con finiture dorate,0,0.0
comò con finiture in metallo,0,0.0
comò con scomparti per accessori,0,0.0
comò con serratura,0,0.0
comò su ruote,0,0.0
comò pieghevole,2,0.0
comò classico,35,0.0
comò a 3 cassetti,20,0.0
comò a 5 cassetti,4,0.0
comò con ante scorrevoli,0,0.0
comò con ruote,0,0.0
comò in legno massello,6,0.0
comò laccato,21,0.0
comò in stile shabby chic,2,0.0
comò in stile art déco,0,0.0
comò in stile nautico,0,0.0
comò in stile etnico,0,0.0
comò in stile ecle,0,0.0
comò con cassetto grande,0,0.0
comò con cassetti scorrevoli,0,0.0
comò da camera da letto,3,0.0
comò da ingresso,0,0.0
comò d'epoca,0,0.0
comò artigianale,4,0.0
comò massiccio,0,0.0
comò intarsiato,8,0.0
comò vittoriano,2,0.0
comò vintage,18,0.0
comò su misura,1,0.0
comò in stile contemporaneo,0,0.0
comò in stile scandinavo,0,0.0
comò in stile vittoriano,0,0.0
comò a cinque cassetti,1,0.0
comò angolare,0,0.0
comò con gambe tornite,0,0.0
comò con cassetto per gioielli,0,0.0
comò con ante apribili a soffietto,0,0.0
comò con ripiani,0,0.0
coniglio domestico,62,0.0
coniglio selvatico,452,0.04
coniglio nano,204,0.01
coniglio da carne,29,0.0
coniglio lepre,5,0.0
coniglio della florida,0,0.0
coniglio europeo,70,0.0
coniglio del deserto,7,0.0
coniglio delle foreste,1,0.0
coniglio delle paludi,6,0.0
coniglio delle nevi,5,0.0
coniglio dai piedi neri,0,0.0
coniglio di fennec,0,0.0
coniglio di amami,23,0.0
coniglio di sumatra,1,0.0
coniglio di bonin,0,0.0
coniglio di gotland,0,0.0
coniglio di paracas,0,0.0
coniglio di d'urville,0,0.0
coniglio ariete,59,0.0
coniglio belier,1,0.0
coniglio fiammingo,0,0.0
coniglio lanugine,0,0.0
coniglio californiano,2,0.0
coniglio d'angora,0,0.0
coniglio giapponese,10,0.0
coniglio nano olandese,10,0.0
coniglio ariete francese,2,0.0
coniglio biglietto da visita,0,0.0
coniglio rex,21,0.0
coniglio satin,4,0.0
coniglio lince,0,0.0
coniglio hotot,1,0.0
coniglio argentato,3,0.0
coniglio testa di leone,22,0.0
coniglio russo,1,0.0
coniglio polacco,18,0.0
coniglio della giungla,0,0.0
coniglio calcicolous,0,0.0
coniglio leporide,0,0.0
coniglio a coda di pennello,0,0.0
coniglio di boscaglia,15,0.0
coniglio delle steppe,0,0.0
coniglio delle rocce,7,0.0
coniglio di ry,0,0.0
coniglio a lungo orecchio,1,0.0
coniglio di flemish giant,0,0.0
coniglio bianco della neve,0,0.0
coniglio nero variegato,0,0.0
coniglio olandese,22,0.0
coniglio tedesco,1,0.0
coniglio della louisiana,0,0.0
coniglio del deser,0,0.0
coniglio lanugoso,0,0.0
coniglio calcara,0,0.0
coniglio rossolino,0,0.0
coniglio a coda di piuma,0,0.0
coniglio zibellino,0,0.0
coniglio cavies,0,0.0
coniglio lop,1,0.0
cornice per foto,20,0.0
cornice per specchio,79,0.0
cornice digitale,1048,0.07
cornice da parete,23,0.0
cornice da tavolo,31,0.0
cornice personalizzata,117,0.01
cornice in legno,118,0.0
cornice in metallo,21,0.0
cornice in plastica,29,0.0
cornice vintage,53,0.0
cornice moderna,159,0.01
cornice minimalista,15,0.0
cornice ornamentale,116,0.01
cornice con vetro,28,0.0
cornice senza vetro,28,0.0
cornice con passepartout,23,0.0
cornice senza passepartout,1,0.0
cornice multi-apertura,0,0.0
cornice singola apertura,0,0.0
cornice per dipinto,12,0.0
cornice per tavolo,0,0.0
cornice semplice,74,0.01
cornice ornata,60,0.0
cornice con luce,7,0.0
cornice senza luce,0,0.0
cornice oro,41,0.0
cornice argento,75,0.01
cornice nera,27,0.0
cornice bianca,551,0.04
cornice rustica,51,0.0
cornice antica,164,0.01
cornice di lusso,21,0.0
cornice per poster,15,0.0
cornice multifunzione,0,0.0
cornice per documenti,2,0.0
cornice per diplomi,6,0.0
cornice multipla,26,0.0
cornice per matrimonio,22,0.0
cornice per bambino,19,0.0
credenza da cucina,29,0.0
credenza da sala da pranzo,0,0.0
credenza da soggiorno,16,0.0
credenza da ingresso,4,0.0
credenza angolare,1,0.0
credenza a muro,26,0.0
credenza a isola,0,0.0
credenza con ante scorrevoli,4,0.0
credenza con ante a battente,1,0.0
credenza con cassetti,9,0.0
credenza con vetrine,8,0.0
credenza rustica,26,0.0
credenza moderna,249,0.02
credenza in stile industriale,3,0.0
credenza in stile classico,11,0.0
credenza in stile shabby chic,9,0.0
credenza in legno massello,42,0.0
credenza laccata,13,0.0
credenza colorata,5,0.0
credenza da ufficio,0,0.0
credenza in stile minimalista,0,0.0
credenza in legno,68,0.0
credenza in metallo,12,0.0
credenza in vetro,8,0.0
credenza con isola,0,0.0
credenza con penis,0,0.0
credenza a parete,4,0.0
credenza in stile moderno,3,0.0
credenza in stile rustico,6,0.0
credenza in stile vintage,3,0.0
credenza con illuminazione integrata,0,0.0
credenza con prese elettriche integrate,0,0.0
credenza con ripiani regol,0,0.0
credenza con ante apribili,0,0.0
credenza con cassettoni,0,0.0
credenza lineare,0,0.0
credenza a penisola,0,0.0
credenza su misura,11,0.0
credenza componibile,6,0.0
credenza lowboard,0,0.0
credenza highboard,0,0.0
credenza in stile tradizionale,0,0.0
credenza con prese elettriche,0,0.0
cruciverba classico,11,0.0
cruciverba a tema,20,0.0
cruciverba crittografico,0,0.0
cruciverba a incastro,0,0.0
cruciverba a barre,0,0.0
cruciverba a griglia,0,0.0
cruciverba circolare,0,0.0
cruciverba a stella,0,0.0
cruciverba a tema variabile,0,0.0
cruciverba di similitudine,0,0.0
cruciverba di sinonimi,0,0.0
cruciverba di contrari,0,0.0
cruciverba di definizioni,0,0.0
cruciverba di frasi,0,0.0
cruciverba di citazioni,0,0.0
cruciverba di nomi propri,0,0.0
cruciverba di,21,0.0
cruciverba enigmistico,3,0.0
cruciverba varianti,0,0.0
cruciverba crittografato,5,0.0
cruciverba a schema fisso,0,0.0
cruciverba con caselle nere,0,0.0
cruciverba a parole incrociate,0,0.0
cruciverba a parole intrecciate,0,0.0
cruciverba a parole incrociate circolari,0,0.0
cruciverba di anagrammi,0,0.0
cruciverba di numer,0,0.0
cruciverba tematico,6,0.0
cruciverba a schema variabile,0,0.0
cruciverba a parole crociate,0,0.0
cruciverba a caselle nere,0,0.0
cruciverba a caselle bianche,0,0.0
cruciverba di difficoltà facile,0,0.0
cruciverba di difficoltà media,0,0.0
cruciverba di difficoltà difficile,0,0.0
cruciverba giornaliero,1,0.0
cruciverba di parole crociate,0,0.0
cruciverba di parole incrociate,0,0.0
cruciverba a parole nascoste,0,0.0
cruciverba a parole incrociate inverso,0,0.0
cucchiaio da tavola,78,0.0
cucchiaio da cucina,40,0.0
cucchiaio dosatore,43,0.0
cucchiaio di legno,32,0.0
cucchiaio misurino,2,0.0
cucchiaio da the,20,0.0
cucchiaio da dessert,20,0.0
cucchiaio da minestra,21,0.0
cucchiaio da portata,23,0.0
cucchiaio da frutta,10,0.0
cucchiaio da gelato,21,0.0
cucchiaio da zucchero,10,0.0
cucchiaio da caffè,27,0.0
cucchiaio da servire,21,0.0
cucchiaio lungo,33,0.0
cuc,5523,0.38
cucchiaio di plastica,24,0.0
cucchiaio di metallo,29,0.0
cucchiaio da insalata,9,0.0
cucchiaio da dolce,16,0.0
cucchiaio pieghevole,8,0.0
cucchiaio da barbecue,0,0.0
cucchiaio da pasticceria,0,0.0
cucchiaio da legno,0,0.0
cucina americana,1078,0.07
cucina a isola,33,0.0
cucina angolare,397,0.03
cucina con penisola,23,0.0
cucina a parete,23,0.0
cucina a u,26,0.0
cucina a l,38,0.0
cucina a penisola,21,0.0
cucina lineare,733,0.05
cucina moderna,5354,0.36
cucina rustica,32,0.0
cucina in muratura,63,0.0
cucina industriale,786,0.06
cucina componibile,117,0.01
cucina su misura,118,0.01
cucina economica,528,0.04
cucina di lusso,20,0.0
cucina per monolocali,9,0.0
cucina per camper,2,0.0
cucina per barche,1,0.0
cucina in stile industriale,22,0.0
cucina minimalista,72,0.0
cucina di design,22,0.0
cucina a scomparsa,32,0.0
cucina con isola,72,0.0
cucina con tavolo,27,0.0
cucina aperta,1134,0.08
cucina chiusa,152,0.01
cucina italiana,415,0.03
cucina cinese,78,0.01
cucina messicana,53,0.0
cucina indiana,60,0.0
cucina giapponese,91,0.01
cucina francese,64,0.0
cucina spagnola,36,0.0
cucina thailandese,39,0.0
cucina greca,51,0.0
cucina tedesca,604,0.04
cucina mediterranea,287,0.02
cucina vegana,72,0.0
cucina vegetariana,94,0.01
cucina fusion,22,0.0
cucina molecolare,41,0.0
cucina rapida,67,0.0
cucina casalinga,188,0.01
cucina regionale,37,0.0
cucina etnica,96,0.01
cucina internazionale,37,0.0
cucina ad angolo,61,0.0
cucina d'autore,0,0.0
cucina open space,628,0.04
cucina vintage,159,0.01
cucina ecologica,74,0.01
cucina a incasso,21,0.0
cucina professionale,54,0.0
cucina senza glutine,335,0.02
cucina dietetica,22,0.0
cuore umano,98,0.0
cuore di bovino,19,0.0
cuore di maiale,22,0.0
cuore di pollo,23,0.0
cuore di pesce,22,0.0
cuore artificiale,696,0.05
cuore trapiantato,150,0.01
cuore sano,696,0.05
cuore malato,438,0.03
cuore danneggiato,109,0.01
cuore grasso,15,0.0
cuore in salute,21,0.0
cuore umano geneticamente modificato,0,0.0
cuore di un animale estinto,0,0.0
cuore di un animale mitologico,0,0.0
cuore di una creatura aliena,0,0.0
cuore di un robot,4,0.0
cuore di un cyborg,4,0.0
cuore di un androide,0,0.0
cuore di un,38,0.0
cuore magro,5,0.0
cuore di animale esotico,0,0.0
cuore di invertebrato,0,0.0
cuore di uccello,4,0.0
cuore di rettile,0,0.0
cuore di anfibio,0,0.0
cuore di mammifero,6,0.0
cuore animale,104,0.0
cuore di vetro,42,0.0
cuore pulsante,431,0.03
cuore simbolico,107,0.01
cuore meccanico,174,0.02
cuore metallico,52,0.0
cuore in 3d,18,0.0
cuore virtuale,22,0.0
cuore di pietra,104,0.0
cuore spezzato,85,0.01
cuore grande,587,0.04
cuore piccolo,46,0.0
cuore umanoide,3,0.0
cuore di un alieno,1,0.0
cuore di un mostro,3,0.0
cuore di un animale,21,0.0
cuore di un pesce,5,0.0
cuore di un uccello,2,0.0
cuore di un rettile,1,0.0
cuore di un anfibio,1,0.0
cuore di un mammifero,4,0.0
cuore di un invertebrato,0,0.0
cuore di un mollusco,0,0.0
cuore di un crostaceo,0,0.0
cuore di un insetto,0,0.0
cuore di una stella marina,0,0.0
cuore di un verme,0,0.0
cuore di un polpo,0,0.0
cuore di una seppia,0,0.0
cuore di un calamaro,0,0.0
cuore inattivo,0,0.0
cuore umano non vitale,0,0.0
cuore di crostaceo,0,0.0
cuore di mollusco,0,0.0
cuore di artropode,0,0.0
cuore di,124,0.0
cuscino da seduta,24,0.0
cuscino da letto,46,0.0
cuscino decorativo,44,0.0
cuscino da panca,3,0.0
cuscino da orlo,0,0.0
cuscino da sole,1,0.0
cuscino da meditazione,22,0.0
cuscino per il corpo,34,0.0
cuscino per la testa,20,0.0
cuscino per il collo,23,0.0
cuscino da viaggio,44,0.0
cuscino per animali domestici,16,0.0
cuscino gonfiabile,421,0.02
cuscino per la gravidanza,21,0.0
cuscino lombare,42,0.0
cuscino ortopedico,33,0.0
cuscino termico,201,0.01
cuscino da cervicale,13,0.0
cuscino da allattamento,23,0.0
cuscino per cani,56,0.0
cuscino per gatti,46,0.0
cuscino da esterno,28,0.0
cuscino per computer,1,0.0
cuscino da piscina,0,0.0
cuscino per auto,14,0.0
cuscino per camion,0,0.0
cuscino da corsa,0,0.0
cuscino da yoga,7,0.0
cuscino per neonati,22,0.0
cuscino da lettura,23,0.0
cuscino da decubito laterale,0,0.0
cuscino da gravidanza,22,0.0
cuscino da computer,0,0.0
cuscino da poggiatesta,0,0.0
cuscino da poggiapiedi,0,0.0
cuscino da neonato,2,0.0
cuscino da sofà,1,0.0
cuscino da poltrona,3,0.0
cuscino da sedia,24,0.0
cuscino da giardino,31,0.0
cusc,118,0.0
cuscino da schienale,14,0.0
cuscino da esterni,11,0.0
cuscino da schiena,2,0.0
cuscino rialzato,22,0.0
cuscino per body pillow,0,0.0
cuscino per decoupage,0,0.0
cuscino per bodykit,0,0.0
cuscino per computer portatile,0,0.0
cuscino per esercizi,0,0.0
cuscino per foto,0,0.0
cuscino per plantare i piedi,0,0.0
delfino comune,246,0.02
delfino tursiope,30,0.0
delfino dal becco bianco,11,0.0
delfino comune atlantico,0,0.0
delfino di risso,20,0.0
delfino dal becco a bottiglia,0,0.0
delfino di fraser,1,0.0
delfino striato,10,0.0
delfino comune pacific,0,0.0
delfino comune striato,0,0.0
delfino comune tropicale,0,0.0
delfino di clymene,0,0.0
delfino nero,34,0.0
tursiops truncatus,395,0.03
delphinus delphis,278,0.02
orcinus orca,99,0.01
stenella coeruleoalba,158,0.01
globicephala melas,53,0.0
pseudorca crassidens,12,0.0
lagenorhynchus acutus,4,0.0
delfino comune o delfino tursiope,0,0.0
delfino comune albino,0,0.0
delfino comune del pacifico,0,0.0
delfino comune dell'indo-pacifico,0,0.0
delfino dal becco lungo,1,0.0
delfino comune delindiano,0,0.0
delfino dal becco striato,0,0.0
delfino comune australiano,0,0.0
divano letto,2284,0.16
divano angolare,112,0.01
divano a due posti,48,0.0
divano a tre posti,56,0.0
divano modulare,37,0.0
chaise longue,4099,0.28
futon,7906,0.54
pouf,12677,0.87
poltrona da divano,1,0.0
divano ad l,34,0.0
divano ad u,31,0.0
divano reclinabile,44,0.0
divano in pelle,71,0.0
divano in tessuto,22,0.0
divano moderno,32,0.0
divano vintage,121,0.01
divano scandinavo,31,0.0
divano chesterfield,96,0.01
divano a isola,18,0.0
divano chaise longue,23,0.0
divano dormeuse,13,0.0
divano recamier,0,0.0
divano méridienne,0,0.0
divano tuxedo,0,0.0
divano lawson,1,0.0
divano bridgewater,0,0.0
divano sectional,0,0.0
divano sleeper,1,0.0
divano a sacco,4,0.0
divano klismos,0,0.0
divano directors,0,0.0
divano savonarola,0,0.0
divano con penisola,34,0.0
divano con braccioli,24,0.0
divano senza braccioli,12,0.0
divano gonfiabile,59,0.0
divano per esterni,20,0.0
poltrona,35906,2.48
sgabello da bar,41,0.0
divano futon,26,0.0
edera comune,162,0.02
edera giapponese,2,0.0
edera variegata,20,0.0
edera a foglie larghe,0,0.0
edera panachée,0,0.0
edera inglese,42,0.0
edera irlandese,3,0.0
edera a foglie piccole,3,0.0
edera rampicante,210,0.01
edera perenne,2,0.0
edera a foglie strette,0,0.0
edera glauca,0,0.0
edera argentata,0,0.0
edera tricolor,0,0.0
edera canina,0,0.0
edera spp,0,0.0
edera paniculata,0,0.0
edera di boston,3,0.0
edera di virginia,0,0.0
edera peruviana,0,0.0
edera argentina,0,0.0
edera colchica,2,0.0
edera pastuchovii,0,0.0
edera cucullata,0,0.0
edera nepalensis,0,0.0
edera sinensis,0,0.0
africano,45338,3.12
asiatico,33552,2.32
africano forestale,0,0.0
elefante di savana,8,0.0
elefante asiatico di foresta,0,0.0
elefante asiatico di pianura,0,0.0
elefante nano di creta,1,0.0
elefante nano di sicilia,2,0.0
elefante antico,74,0.01
mammut,8916,0.61
elefante indiano,112,0.0
elefante africano,300,0.02
elefante di sumatra,26,0.0
elefante marino,31,0.0
elefante di foresta,20,0.0
elefante asiatico,250,0.02
elefante africano delle foreste,28,0.0
elefante africano di savana,7,0.0
elefante pigmeo,73,0.01
elefante di borneo,0,0.0
elefante di sri lanka,1,0.0
elefante di ceylon,2,0.0
africano africano,20,0.0
africano delle foreste,26,0.0
africano di foresta a savana,0,0.0
africano di savana,8,0.0
pigmeo,5362,0.37
di sumatra,41,0.0
di borneo,26,0.0
di ceylon,31,0.0
di pianura,114,0.01
di foresta,94,0.01
di montagna,547,0.04
del bengala,70,0.0
di kyancutta,0,0.0
di chapman,25,0.0
di foresta africana,5,0.0
di foresta asiatica,0,0.0
di foresta asiatica indiana,0,0.0
di foresta asiatica della birmania,0,0.0
di foresta asiatica del borneo,0,0.0
di foresta asiatica della cambogia,0,0.0
savana africana,544,0.04
elefante di foresta asiatica,0,0.0
elefante di savana asiatica,0,0.0
elefante del borneo,23,0.0
elefante di ellis,0,0.0
elefante di forepaugh,0,0.0
elefante di jumbo,0,0.0
elefante di jumbo ii,0,0.0
elefante di p.t. barnum,0,0.0
elefante di shanghai,0,0.0
elefante di white,0,0.0
elicottero da turismo,28,0.0
elicottero da soccorso,58,0.0
elicottero da combattimento,43,0.0
elicottero utility,87,0.01
elicottero da trasporto,473,0.03
elicottero d'attacco,0,0.0
elicottero leggero,322,0.02
elicottero medio,182,0.01
elicottero pesante,160,0.01
elicottero notturno,14,0.0
elicottero a decollo verticale,1,0.0
elicottero anfibio,17,0.0
elicottero da addestramento,30,0.0
elicottero senza pilota,28,0.0
elic,88,0.01
elicottero a decollo e atterraggio verticale,0,0.0
elicottero a pistoni,4,0.0
elicottero a turboalbero,1,0.0
elicottero elettrico,83,0.01
elicottero da ricognizione,90,0.0
elicottero a decol,0,0.0
elicottero a turbina,24,0.0
elicottero a decollo,1,0.0
elicottero da osservazione,16,0.0
evidenziatore a penna,2,0.0
evidenziatore a gel,0,0.0
evidenziatore ad acqua,0,0.0
evidenziatore a secco,0,0.0
evidenziatore fluorescente,12,0.0
evidenziatore a led,0,0.0
evidenziatore magnetico,0,0.0
evidenziatore riutilizzabile,0,0.0
evidenziatore cancellabile,5,0.0
evidenziatore per lavagne bianche,0,0.0
evidenziatore per lavagne a parete,0,0.0
evidenziatore per proiettori,0,0.0
evidenziatore per presentazioni,0,0.0
evidenziatore per documenti,0,0.0
evidenziatore per libri,0,0.0
evidenziatore per mappe,0,0.0
evidenziatore a punta fine,0,0.0
evidenziatore gel,0,0.0
evidenziatore lavabile,0,0.0
evidenziatore indelebile,0,0.0
evidenziatore duo,0,0.0
evidenziatore multicolore,2,0.0
evidenziatore per bambini,0,0.0
evidenziatore da ufficio,2,0.0
evidenziatore da scuola,0,0.0
evidenziatore a punta tonda,0,0.0
evidenziatore triplo,0,0.0
evidenziatore neon,1,0.0
evidenziatore con luci,0,0.0
evidenziatore con pennino,0,0.0
evidenziatore con gommino,0,0.0
evidenziatore a punta larga,0,0.0
evidenziatore con mina replaceable,0,0.0
evidenziatore metallizzato,0,0.0
evidenziatore pastello,2,0.0
evidenziatore da scu,0,0.0
evidenziatore dual-tip,0,0.0
evidenziatore extra-fine,0,0.0
evidenziatore extra-large,0,0.0
evidenziatore per studenti,0,0.0
felpa con cappuccio,80,0.01
felpa senza cappuccio,104,0.01
felpa da running,4,0.0
felpa da yoga,0,0.0
felpa da allenamento,17,0.0
felpa con zip,297,0.02
felpa oversize,144,0.01
felpa da streetwear,0,0.0
felpa da intimo,0,0.0
felpa da notte,0,0.0
felpa termica,24,0.0
felpa personalizzata,40,0.0
felpa con stampa,29,0.0
felpa vintage,30,0.0
felpa in pile,25,0.0
felpa in jersey,20,0.0
felpa in cotone,29,0.0
felpa in flanella,1,0.0
felpa antivento,4,0.0
felpa impermeabile,4,0.0
felpa da ginnastica,4,0.0
felpa da baseball,5,0.0
felpa da rugby,0,0.0
felpa da football,0,0.0
felpa senza zip,3,0.0
felpa con cuciture a vista,0,0.0
felpa con tasche laterali,3,0.0
felpa con cappuccio staccabile,2,0.0
felpa con cappuccio a cordoncino,0,0.0
felpa con cappuccio oversize,3,0.0
felpa con elastico in vita,1,0.0
felpa con coulisse,6,0.0
felpa con stampe rifrang,0,0.0
felpa da basket,1,0.0
felpa da hockey,2,0.0
felpa da golf,0,0.0
felpa da tennis,4,0.0
felpa da corsa,0,0.0
felpa da fitness,1,0.0
felpa da pilates,0,0.0
felpa da danza,0,0.0
felpa da arti marziali,0,0.0
felpa da kickboxing,0,0.0
felpa da boxe,0,0.0
felpa da muay thai,0,0.0
felpa da krav maga,0,0.0
felpa da jogging,2,0.0
felpa da pallacanestro,0,0.0
felpa da ciclismo,0,0.0
felpa da ginn,0,0.0
felpa da college,0,0.0
felpa da sport,2,0.0
felpa slim fit,0,0.0
ficus benjamina,838,0.06
ficus elastica,648,0.04
ficus lyrata,202,0.02
ficus microcarpa,218,0.02
ficus pumila,182,0.02
ficus retusa,566,0.04
ficus rubiginosa,18,0.0
ficus salicifolia,1,0.0
ficus religiosa,80,0.0
ficus robusta,55,0.0
ficus sycomorus,78,0.0
ficus tikoua,0,0.0
ficus virens,2,0.0
finestra a battente,25,0.0
finestra scorrevole,37,0.0
finestra a vasistas,36,0.0
finestra a ribalta,52,0.0
finestra fissa,119,0.01
finestra a oblò,26,0.0
finestra a bovindo,76,0.01
finestra a baia,2,0.0
finestra a bow-window,3,0.0
finestra a lucernaio,4,0.0
finestra a giorno,20,0.0
finestra a ghigliottina,23,0.0
finestra a capriata,0,0.0
finestra a nastro,34,0.0
finestra a libro,27,0.0
finestra a pacchetto,3,0.0
finestra a soffietto,5,0.0
finestra a pantografo,2,0.0
finestra a ghiera,0,0.0
finestra a cassettoni,1,0.0
finestra a bilico,29,0.0
finestra a oculo,9,0.0
finestra a serliana,23,0.0
finestra a sacco,0,0.0
finestra a ghiera oscillante,0,0.0
finestra a sporgere,22,0.0
finestra a telaio,7,0.0
finestra a penna,0,0.0
finestra a saliscendi,16,0.0
finestra a compasso,20,0.0
fin,15718,1.08
finestra a lucerna,0,0.0
finestra a mensola,2,0.0
finestra a cleristorio,3,0.0
finestra a lucernario,21,0.0
finestra a trifora,20,0.0
finestra a bifora,23,0.0
finestra a loggiato,0,0.0
finestra con persiana,27,0.0
finestra con oscuranti,9,0.0
finestra con zanzariera,24,0.0
finestra termica,17,0.0
finestra a telaio in alluminio,0,0.0
finestra a telaio in pvc,0,0.0
finestra a telaio in,0,0.0
fioriera in plastica,28,0.0
fioriera in terracotta,23,0.0
fioriera in metallo,24,0.0
fioriera in legno,40,0.0
fioriera sospesa,26,0.0
fioriera da interno,21,0.0
fioriera da esterno,30,0.0
fioriera autodrenante,0,0.0
fioriera rialzata,4,0.0
fioriera per piante grasse,3,0.0
fioriera in fibra di cocco,0,0.0
fioriera in vetro,3,0.0
fioriera in resina,67,0.0
fioriera a muro,15,0.0
fioriera per balcone,22,0.0
fioriera per terrazzo,27,0.0
fioriera per orto verticale,1,0.0
fioriera da tavolo,6,0.0
fioriera da terra,4,0.0
fioriera autorigenerante,0,0.0
fioriera in vetroresina,1,0.0
fioriera con ruote,12,0.0
fioriera con scomparti,0,0.0
fioriera con beccuccio di scolo,0,0.0
fioriera con supporto per irrigazione,0,0.0
fioriera con gr,0,0.0
fioriera per erbe aromatiche,0,0.0
fioriera per giardino,17,0.0
fioriera per finestre,0,0.0
fioriera con coperchio,1,0.0
fioriera con becc,0,0.0
fioriera da balcone,48,0.0
fioriera da terrazzo,10,0.0
fioriera da giardino,45,0.0
fioriera in pietra,21,0.0
fioriera a mensola,0,0.0
fioriera a fioriera impilabile,0,0.0
fioriera a,30,0.0
fioriera in ceramica,19,0.0
fioriera in tessuto,2,0.0
fior,17717,1.22
foglio di carta,262,0.02
foglio di alluminio,55,0.0
foglio di gomma,23,0.0
foglio di plastica,28,0.0
foglio di stoffa,20,0.0
foglio di finto marmo,0,0.0
foglio di calcato,0,0.0
foglio di latta,20,0.0
foglio di rame,313,0.02
foglio di oro,22,0.0
foglio di argento,16,0.0
foglio di ottone,21,0.0
foglio di pelle,24,0.0
foglio di specchio,3,0.0
foglio di sughero,21,0.0
foglio di vetro,26,0.0
foglio di schiuma,22,0.0
foglio di acciaio,23,0.0
foglio di calcestruzzo,1,0.0
foglio di metallo,20,0.0
foglio di ceramica,10,0.0
foglio di legno,22,0.0
foglio di lattice,24,0.0
foglio di quarzo,1,0.0
foglio di silicone,24,0.0
foglio di g,4,0.0
foglio di fax,4,0.0
foglio di lavorazione,32,0.0
foglio di calcolo,74,0.01
foglio di spunta,1,0.0
foglio di via,20,0.0
foglio di rotta,7,0.0
foglio di ordine,15,0.0
foglio di bilancio,44,0.0
foglio di diario,21,0.0
foglio di calendario,20,0.0
foglio di disegno,36,0.0
foglio di fumetto,1,0.0
fog,9432,0.64
foglio di finto legno,0,0.0
foglio di plexiglass,24,0.0
foglio di,526,0.04
foglio di via aerea,0,0.0
foglio di lotto,0,0.0
foglio di lavoro,40,0.0
foglio di stile,57,0.0
foglio di ghiaccio,14,0.0
foglio di rubinetto,0,0.0
foglio di roccia,9,0.0
foglio di musica,24,0.0
forbice da giardinaggio,30,0.0
forbice da cucito,25,0.0
forbice da pelucchi,0,0.0
forbice tagliacapelli,2,0.0
forbice per unghie,23,0.0
forbice chirurgica,13,0.0
forbice per tagliare la stoffa,1,0.0
forbice per tagliare il metallo,0,0.0
forbice per tagliare il cartone,0,0.0
forbice da falegname,0,0.0
forbice da potatura,25,0.0
forbice da barbiere,27,0.0
forbice per tosare il cane,0,0.0
forbice per capelli,54,0.0
forbice per il taglio di documenti,0,0.0
forb,59,0.0
forbice da toeletta,3,0.0
forbice da pelletteria,0,0.0
forbice da carta,22,0.0
forbice tagliaunghie,11,0.0
forbice da precisione,0,0.0
forbice elettrica,96,0.01
forbice per tagliare il tessuto,2,0.0
forbice per la carne,1,0.0
forbice per la pasta,0,0.0
forbice per il pane,0,0.0
forbice per il legno,0,0.0
forbice per,33,0.0
forbice da tolettatura per cani,0,0.0
forbice da taglio del filo,0,0.0
forbice da elettricista,26,0.0
forbice da imbianchino,0,0.0
forbice per la pelle,0,0.0
forbice per la lana,1,0.0
forbice per il metallo,2,0.0
for,36854,2.54
forbice per tagliare stoffa,1,0.0
forbice per la carta,3,0.0
forbice per il filo,0,0.0
forbice per il cartone,0,0.0
forbice per il pizzo,0,0.0
forbice da taglio precisione,0,0.0
forbice per carta,13,0.0
forbice per tagliare il filo,18,0.0
forbice per stoffa,12,0.0
forbice per il polistirolo,0,0.0
forbice per la gommapiuma,0,0.0
forchetta da tavola,52,0.0
forchetta da dessert,24,0.0
forchetta da frutta,23,0.0
forchetta da pesce,42,0.0
forchetta da insalata,11,0.0
forchetta da antipasto,3,0.0
forchetta da bbq,0,0.0
forchetta da catering,0,0.0
forchetta da buffet,1,0.0
forchetta da spiedino,0,0.0
forchetta da formaggio,0,0.0
forchetta da dolce,29,0.0
forchetta da pasticceria,0,0.0
forchetta da cucina,24,0.0
forchetta da servire,0,0.0
forchetta da arrosto,6,0.0
forchetta da zuppa,0,0.0
forchetta da torta,5,0.0
forchetta da barbecue,8,0.0
forchetta da fondue,0,0.0
forchetta da pasta,4,0.0
forchetta da dolci,13,0.0
forchetta da picnic,2,0.0
forche,22500,1.56
forchetta per dolci,6,0.0
forchetta per spiedini,0,0.0
forchetta per la pasta,8,0.0
forchetta per la torta,0,0.0
forchetta per la carne,14,0.0
forchetta per la verdura,0,0.0
forchetta per la frutta secca,0,0.0
forchetta pieghevole,3,0.0
forchetta da viaggio,2,0.0
forchetta da fonduta,23,0.0
forchetta da paella,0,0.0
forchetta da sushi,0,0.0
forchetta da grigliata,0,0.0
forchetta da tartare,0,0.0
forchetta da insalata russa,0,0.0
cheddar,4842,0.34
mozzarella,41520,2.86
brie,15394,1.06
camembert,5150,0.36
gouda,2998,0.2
parmigiano-reggiano,8944,0.62
cottage,18517,1.28
feta,14230,0.98
roquefort,3896,0.26
gorgonzola,31790,2.2
stilton,7444,0.52
provolone,13004,0.9
emmental,2495,0.17
monterey jack,22,0.0
pepper jack,26,0.0
colby,3291,0.23
gruyère,914,0.06
jarlsberg,24,0.0
limburger,206,0.02
manchego,360,0.02
paneer,764,0.06
ricotta,43048,2.96
halloumi,472,0.04
mozzarella di bufala,42,0.0
formaggio di capra,42,0.0
formaggio di pecora,31,0.0
formaggio affumicato,22,0.0
form,15341,1.06
cheddar affinato nel whisky,0,0.0
formaggio blu,213,0.01
pecorino romano,442,0.04
swiss,35202,2.42
mozzarella fior di latte,48,0.0
burrata,10514,0.72
stracchino,14416,1.0
cresc,386,0.03
parmigiano reggiano,8296,0.58
cheddar blu,0,0.0
fontina,8381,0.58
munster,8602,0.6
mascarpone,44149,3.04
gru,17574,1.21
pannerone,186,0.01
raclette,3078,0.22
appenzeller,314,0.02
bel paese,284,0.02
blue,20084,1.38
caciocavallo,17750,1.22
tal,26845,1.85
ritratto,20110,1.39
paesaggio,20886,1.44
natura morta,202,0.01
foto di strada,25,0.0
fotografia di architettura,968,0.06
fotografia macro,798,0.05
fotografia aerea,136,0.0
fotografia sportiva,33,0.0
fotografia di still life,25,0.0
fotografia di moda,2126,0.14
fotografia documentaria,36,0.0
fotografia astratta,153,0.01
fotografia notturna,730,0.05
fotografia di guerra,26,0.0
fotografia di matrimonio,26,0.0
fotografia di animali,215,0.01
fotografia di bambini,20,0.0
fotografia di cibo,127,0.01
fotografia di danza,21,0.0
fotografia di musica,18,0.0
fotojournalismo,0,0.0
macrofotografia,1889,0.13
street photography,667,0.05
fotografia subacquea,149,0.01
fotografia di prodotti,21,0.0
fotografia di eventi,22,0.0
fotografia di strada,22,0.0
fotografia di viaggio,20,0.0
fotografia di food,25,0.0
fotografia documentaristica,200,0.01
fotografia newborn,47,0.0
fotografia panoramica,810,0.06
fotografia di animali selvatici,18,0.0
mela,40206,2.78
banana,33180,2.28
arancia,42112,2.9
pera,33706,2.32
ananas,53848,3.7
kiwi,33352,2.3
mango,35254,2.42
papaya,19108,1.32
melone,37484,2.58
anguria,18024,1.24
albicocca,50600,3.48
ciliegia,37388,2.58
pesca,35642,2.46
susina,7239,0.5
limone,37054,2.56
fragola,38456,2.64
ribes,16126,1.11
lamponi,22911,1.58
more,23269,1.6
uva,33032,2.28
prugna,37002,2.54
fico,25534,1.76
melagrana,7942,0.55
mandarino,35254,2.42
pompelmo,18247,1.26
nettarina,805,0.06
physalis,666,0.05
sorbo,6980,0.48
nespola,1057,0.07
castagna,19261,1.33
caco,11997,0.83
kaki,4680,0.32
giuggiola,783,0.05
lampone,35926,2.48
avocado,28148,1.94
cocco,49408,3.4
clementina,12290,0.85
pomelo,1076,0.07
bergamotto,13798,0.95
guava,3130,0.22
nectarina,6,0.0
melograno,45976,3.16
castagne,29614,2.04
nespole,2684,0.18
lychee,296,0.02
rambutan,425,0.03
durian,2484,0.18
jackfruit,432,0.03
nocciola,18014,1.24
noce,33740,2.32
pistacchio,15735,1.08
avoc,92,0.01
clementine,7821,0.54
datteri,14165,0.98
noci di cocco,43,0.0
olive,53076,3.66
gelso,13228,0.91
cachi,10113,0.7
furgone per trasporto merci,20,0.0
furgone per passeggeri,6,0.0
furgone elettrico,398,0.03
furgone refrigerato,63,0.0
furgone a noleggio,24,0.0
furgone camperizzato,84,0.01
furgone isotermico,91,0.01
furgone 4x4,38,0.0
furgone pick-up,23,0.0
furgone a metano,26,0.0
furgone a gpl,5,0.0
furgone usato,24,0.0
furgone nuovo,25,0.0
furgone a passo lungo,19,0.0
furgone a passo corto,20,0.0
furgone furgonato,4,0.0
furgone cabinato,27,0.0
furgone con c,0,0.0
furgone da lavoro,26,0.0
furgone per il trasporto passeggeri,2,0.0
furgone compatto,99,0.01
furgone medio,66,0.0
furgone grande,28,0.0
furgone a tetto alto,13,0.0
furgone aziendale,142,0.01
furgone scuolabus,0,0.0
furgone per disabili,14,0.0
furgone per il noleggio,3,0.0
furgone tattico,1,0.0
furgone pieghevole,2,0.0
furgone per il soccorso stradale,0,0.0
furgone per il pronto intervento,1,0.0
furgone per le consegne,21,0.0
furgone per il trasporto di persone,9,0.0
furgone pubblicit,0,0.0
furgone per il trasporto di persone con disabilità,0,0.0
furgone per il trasporto di animali,8,0.0
furgone per il lavoro in altezza,0,0.0
furgone per il trasporto di biciclette,0,0.0
furgone per il tras,0,0.0
furgone a due posti,2,0.0
furgone con cassone ribaltabile,15,0.0
furgone con gru,6,0.0
furgone panel,0,0.0
furgone box,8,0.0
furgone cassonato,54,0.0
furgone con pianale ribassato,0,0.0
furg,31,0.0
gallo domestico,152,0.02
gallo cedrone,2078,0.14
gallo di prateria,4,0.0
gallo della giungla,20,0.0
gallo di scozia,0,0.0
gallo di snowcock,0,0.0
gallo di monte,36,0.0
gallo di foresta,0,0.0
gallo della salute,0,0.0
gallo di sassonia,0,0.0
gallo nano di mosca,0,0.0
gallo di creta,0,0.0
gallo di bourbon red,0,0.0
gallo dorato di minorca,0,0.0
gallo di appenzell,0,0.0
gallo di sicilia,2,0.0
gallo di leghorn,0,0.0
gallo di wyandotte,0,0.0
gallo di orpington,0,0.0
gallo di plymouth rock,1,0.0
gallo di rhode island,1,0.0
gallo di new hampshire,0,0.0
gallo di delaware,0,0.0
gallo di sus,0,0.0
gallo nano,7,0.0
gallo di bourbon,0,0.0
gallo di madagascar,0,0.0
gallo dorato di buffon,0,0.0
gallo di crevecoeur,0,0.0
gallo di vorwerk,0,0.0
gallo di gheldria,0,0.0
gallo di pavlov,0,0.0
gallo di malines,0,0.0
gallo di brabante,0,0.0
gallo di ancona,0,0.0
gallo di livorno,2,0.0
gallo di piacenza,0,0.0
gallo di bankiva,0,0.0
gallo di sulawesi,0,0.0
gallo d'angora,0,0.0
gallo della foresta,2,0.0
gallo di lady amherst,0,0.0
gallo del congo,0,0.0
gallo delle nevi,6,0.0
gallo di hainan,0,0.0
gallo di okinawa,0,0.0
gallo di guinea,0,0.0
gallo di stanley,2,0.0
gallo di sumatra,2,0.0
gallo di razza,50,0.0
gallo selvatico,188,0.02
gallo combattente,69,0.0
gallo di prato,1,0.0
gallo di sussex,0,0.0
gallo di australorp,1,0.0
gallo di langshan,0,0.0
gallo di cochin,0,0.0
gallo di brahma,0,0.0
gallo di faverolles,0,0.0
zampa di animale,26,0.0
gamba umana,69,0.0
gamba di letto,4,0.0
gamba di sgabello,1,0.0
gamba di tavolo,27,0.0
gamba di sedia,22,0.0
gamba di mobile,20,0.0
gamba di statua,6,0.0
gamba di pantaloni,14,0.0
gamba di calza,1,0.0
gamba di calzino,0,0.0
gamba di gambaletto,0,0.0
gamba di protesi,2,0.0
gamba di manichino,11,0.0
gamba di automa,0,0.0
gamba di robot,0,0.0
gamba di cavalletto,2,0.0
gamba di treppiede,1,0.0
gamba di pantalone,20,0.0
gamba di scarpa,1,0.0
gambe di un insetto,0,0.0
gambe di una sedia a dondolo,0,0.0
gambe di un tre,0,0.0
gamba di cavallo a dondolo,0,0.0
gamba di gru,5,0.0
gamba di trampolo,0,0.0
gamba di automobile,0,0.0
gamba di moto,0,0.0
gamba di bicicletta,0,0.0
gamba di pianoforte,1,0.0
gamba di stampa,2,0.0
gamba di montagna,0,0.0
gamba di piattaforma petrolifera,0,0.0
gamba di cavalletta,0,0.0
gamba di ragno,21,0.0
gamba di gambe di una persona,0,0.0
"gamba di una calza, calzino o collant",0,0.0
gamba di un pantalone o una gonna,0,0.0
gamba di una montagna o una collina,0,0.0
gamba di un lago,0,0.0
abissino,1993,0.14
angora turco,200,0.01
bengala,24354,1.68
british shorthair,1007,0.07
chartreux,126,0.01
cornish rex,294,0.02
devon rex,440,0.03
europeo,17373,1.2
himalayano,3099,0.21
maine coon,4646,0.32
norvegese delle foreste,49,0.0
persiano,98233,6.7700000000000005
ragdoll,5170,0.36
siberiano,19935,1.37
siamese,18692,1.28
sphynx,1848,0.12
scottish fold,838,0.06
somalo,18544,1.28
snowshoe,116,0.01
turkish van,22,0.0
british longhair,32,0.0
exotic shorthair,418,0.02
kurilian bobtail,86,0.01
manx,986,0.07
ocicat,80,0.01
peterbald,68,0.0
russian blue,42,0.0
selkirk rex,102,0.01
sing,10713,0.74
sottopelo americano,0,0.0
ceylon,4942,0.34
khao manee,7,0.0
singapura,458,0.04
abyssinian,83,0.01
bengal,1087,0.07
egyptian mau,124,0.0
oriental shorthair,9,0.0
persian,1310,0.09
somali,12689,0.87
toyger,49,0.0
munchkin,2150,0.14
pixie-bob,2,0.0
siberian,2622,0.18
thai,18707,1.29
turkish angora,8,0.0
nebelung,116,0.0
ser,20125,1.39
domestic shorthair,2,0.0
domestic longhair,0,0.0
european burmese,0,0.0
havana brown,117,0.0
japanese bobtail,72,0.0
korat,438,0.03
oriental,6581,0.45
bombay,9405,0.65
burmese,612,0.04
colorpoint shorthair,7,0.0
laperm,28,0.0
peterb,5,0.0
geranio zonale,133,0.01
geranio di ivy,0,0.0
geranio di martha washington,0,0.0
geranio di sangue,2,0.0
geranio arrampicanti,0,0.0
geranio scenteda,0,0.0
geranio peloso,1,0.0
geranio inciso,0,0.0
geranio di himalaya,0,0.0
geranio di rozanne,0,0.0
geranio semplice,0,0.0
geranio doppio,0,0.0
geranio nano,3,0.0
geranio ibrido,3,0.0
geranio selvatico,174,0.02
geranio delle case,0,0.0
geranio odoroso,318,0.02
geranio di oxford,0,0.0
geranio di calliope,0,0.0
geranio di biokovo,0,0.0
geranio di brookside,0,0.0
geranio di elke,0,0.0
geranio di fay,0,0.0
geranio di nasturtium,0,0.0
geranio di patricia,0,0.0
geranio di phoenix,0,0.0
geranio di rasperries,0,0.0
geranio di,20,0.0
geranio di incrocio,0,0.0
geranio edera,187,0.01
geranio a mazzetti,0,0.0
geranio sanguigno,15,0.0
geranio di llandudno,0,0.0
geranio di pratolina,0,0.0
geranio di robert,0,0.0
geranio di plicatum,0,0.0
geranio di renard,0,0.0
geranio di salisburgo,0,0.0
geranio di vanessa,0,0.0
geranio himalayense,0,0.0
geranio incanolo,0,0.0
geranio madrense,0,0.0
geranio maderense,0,0.0
geranio palmatum,0,0.0
geranio psilostemon,0,0.0
geranio tuberosum,0,0.0
geranio endressii,0,0.0
geranio clarkei,0,0.0
geranio wallichianum,0,0.0
geranio wlassovianum,0,0.0
geranio cinereum,0,0.0
geranio dalmaticum,0,0.0
geranio subcaulescens,0,0.0
geranio renardii,0,0.0
ger,9690,0.67
geranio di mckana,0,0.0
geranio zonalizzato,0,0.0
geranio di pelargonium,0,0.0
geranio di patriot,0,0.0
geranio di fuchsia,0,0.0
geranio di victoria,0,0.0
geranio di oxonian,0,0.0
geranio di ringo,0,0.0
geranio di summer snow,0,0.0
blazer,14924,1.02
bomber,34146,2.36
caban,498,0.03
cappotto,22182,1.52
cappotto da cowboy,0,0.0
cappotto per cerimonia,0,0.0
casacca,29972,2.06
casacca da baseball,3,0.0
casacca da caccia,0,0.0
casacca da ciclista,1,0.0
casacca da lavoro,28,0.0
casacca da pilota,0,0.0
casacca da rugby,0,0.0
casacca militare,33,0.0
casacca per il tempo libero,1,0.0
giacca a vento,60,0.0
giacca da smoking,29,0.0
giacca in jeans,26,0.0
giacca in pelle,38,0.0
giaccone,12153,0.84
impermeabile,16907,1.16
leather jacket,274,0.02
perfecto,717,0.05
sahariana,4059,0.28
soprabito,5880,0.41
tailleur,9383,0.65
giacca da baseball,23,0.0
giacca da camera,21,0.0
giacca da caccia,40,0.0
giacca da ciclista,6,0.0
giacca da escursionismo,5,0.0
giacca da lavoro,46,0.0
giacca da sci,75,0.01
giacca da trekking,22,0.0
giacca in denim,29,0.0
giacca in ecopelle,31,0.0
giacca in tela,12,0.0
giacca invernale,38,0.0
giubbotto,33228,2.28
jeans jacket,10,0.0
kimono,20624,1.42
leisure suit,208,0.01
motorcycle jacket,1,0.0
puffer jacket,20,0.0
trench coat,536,0.04
varsity jacket,71,0.0
windbreaker,192,0.02
giacca safari,12,0.0
giacca in jean,4,0.0
giacca in velluto,35,0.0
giacca in lana,29,0.0
giacca in maglia,23,0.0
giacca in piumino,22,0.0
giacca in ecopelliccia,11,0.0
giacca in seta,20,0.0
giacca in tweed,21,0.0
giacca in nylon,24,0.0
giacca in corduroy,0,0.0
giacca in,45,0.0
gilet in pelle,22,0.0
gilet in lana,22,0.0
gilet in velluto,9,0.0
gilet in jeans,22,0.0
gilet imbottito,77,0.01
gilet senza maniche,31,0.0
gilet da caccia,51,0.0
gilet da pesca,23,0.0
gilet da equitazione,2,0.0
gilet da lavoro,30,0.0
gilet da sicurezza,0,0.0
gilet da ciclismo,16,0.0
gilet da running,9,0.0
gilet da golf,1,0.0
gilet da tennis,0,0.0
gilet da vela,0,0.0
gilet da sci,0,0.0
gilet da snowboard,0,0.0
gilet da arr,0,0.0
gilet con maniche,2,0.0
gilet in pile,24,0.0
gilet in maglia,21,0.0
gilet in nylon,12,0.0
gilet di salvataggio,8,0.0
gilet ad assetto variabile,0,0.0
gilet softshell,27,0.0
gilet termico,55,0.0
gilet impermeabile,15,0.0
gilet vests,0,0.0
gilet da,36,0.0
gilet salvagente,10,0.0
gilet ad alta visibilità,54,0.0
gilet da motociclista,2,0.0
gilet da corsa,9,0.0
gilet in piumino,5,0.0
gilet da arrampicata,0,0.0
monopoly,5732,0.4
scrabble,1336,0.1
chess,10626,0.74
checkers,934,0.06
risiko,15164,1.04
cluedo,2246,0.16
trivial pursuit,767,0.05
battleship,1151,0.08
risk,55656,3.83
cards against humanity,39,0.0
jenga,444,0.03
ticket to ride,789,0.05
carcassonne,8432,0.58
settlers of catan,46,0.0
pandemic,3136,0.22
dominion,3399,0.23
codenames,26,0.0
love letter,80,0.01
splendor,5366,0.37
azul,5386,0.37
scacchi,49338,3.4
dama,40272,2.78
monopoli,51380,3.54
scarabeo,12847,0.89
risiko!,0,0.0
taboo,2576,0.18
catan,955,0.07
puerto rico,4532,0.31
twilight struggle,229,0.02
gloomhaven,175,0.01
scythe,853,0.06
spirit island,40,0.0
brass: birmingham,0,0.0
root,15589,1.07
wingspan,165,0.01
ganz schön clever,10,0.0
wavelength,222,0.02
the mind,44,0.0
d,15699,1.08
candy land,27,0.0
backgammon,5172,0.36
betrayal at house on the hill,11,0.0
arkham horror,115,0.01
descent: journeys in the dark,0,0.0
mage knight,147,0.01
eldritch,997,0.07
clue,1502,0.1
coup,4983,0.34
diplomacy,2572,0.18
risk legacy,21,0.0
pandemic legacy,142,0.01
br,17252,1.19
quotidiano,38134,2.62
settimanale,33902,2.34
mensile,17128,1.18
bimestrale,12000,0.83
trimestrale,17674,1.22
annuale,22089,1.52
notiziario,14988,1.03
rivista,35870,2.48
magazine,38268,2.64
tabloid,12432,0.86
broadsheet,108,0.01
giornale online,204,0.02
giornale gratuito,456,0.04
giornale a pagamento,46,0.0
giornale locale,310,0.02
giornale nazionale,1272,0.08
giornale internazionale,388,0.02
giornale specializzato,68,0.0
giornale sportivo,1544,0.1
giornale di moda,68,0.0
giornale di attualità,24,0.0
giornale di cultura,48,0.0
giornale di politica,48,0.0
giornale di economia,40,0.0
giornale di sport,21,0.0
giornale di tecnologia,16,0.0
giornale di viaggi,44,0.0
giornale di cucina,23,0.0
periodico,35774,2.46
quotidiano online,121,0.01
giornale finanziario,251,0.02
giornale tecnologico,21,0.0
giornale politico,454,0.04
giornale scientifico,1197,0.08
giornale per bambini,22,0.0
giornale giovanile,28,0.0
giornale indipendente,564,0.04
giornale di parte,23,0.0
giornale online di notizie,5,0.0
giornale di opinione,22,0.0
giornale scandalistico,56,0.0
giornale di part,0,0.0
giraffa reticolata,53,0.0
giraffa masai,23,0.0
giraffa settentrionale,5,0.0
giraffa meridionale,11,0.0
giraffa di rothschild,23,0.0
giraffa angolana,1,0.0
giraffa di nubia,0,0.0
giraffa di thornicroft,15,0.0
giraffa di kordofan,0,0.0
giraffa di westwood,0,0.0
giraffa del kordofan,7,0.0
giraffa del nilo,0,0.0
giraffa di massai,0,0.0
giraffa di angola,0,0.0
giraffa di baringo,4,0.0
giraffa di kilimangiaro,0,0.0
giraffa di rhodesia,0,0.0
giraffa di transvaal,0,0.0
giraffa di somalia,0,0.0
giraffa di etiopia,0,0.0
giraffa di caprivi,0,0.0
