participant,category,category_it,concept,exemplar,clean_exemplar,rank,asb_freq
idefics2-iter1,plants,piante,abete,abete rosso,rosso,1,15104.0
idefics2-iter1,plants,piante,abete,abete rosso del nord,rosso del nord,2,48.0
idefics2-iter1,plants,piante,abete,abete rosso del nord occidentale,rosso del nord occidentale,3,
idefics2-iter1,plants,piante,abete,abete rosso del nord orientale,rosso del nord orientale,4,
idefics2-iter1,plants,piante,abete,abete ro,ro,5,0.0
idefics2-iter1,vehicles,veicoli,aereo,elicottero,elicottero,1,30198.0
idefics2-iter1,vehicles,veicoli,aereo,aeroplano,aeroplano,2,27876.0
idefics2-iter1,vehicles,veicoli,aereo,dirigibile,dirigibile,3,12297.0
idefics2-iter1,vehicles,veicoli,aereo,drone,drone,4,43184.0
idefics2-iter1,vehicles,veicoli,aereo,glider,glider,5,829.0
idefics2-iter1,stationery,cancelleria,agenda,calendario,calendario,1,30666.0
idefics2-iter1,stationery,cancelleria,agenda,diario,diario,2,40702.0
idefics2-iter1,furnishings/fittings,arredamenti/accessori,appendiabiti,camisa,camisa,1,3124.0
idefics2-iter1,furnishings/fittings,arredamenti/accessori,appendiabiti,pantaloni,pantaloni,2,49132.0
idefics2-iter1,furnishings/fittings,arredamenti/accessori,appendiabiti,giacca,giacca,3,33734.0
idefics2-iter1,furnishings/fittings,arredamenti/accessori,appendiabiti,jeans,jeans,4,31070.0
idefics2-iter1,furnishings/fittings,arredamenti/accessori,appendiabiti,abito,abito,5,38262.0
idefics2-iter1,furnishings/fittings,arredamenti/accessori,appendiabiti,vestito,vestito,6,38204.0
idefics2-iter1,furniture,mobili,armadio,scaffale,scaffale,1,42692.0
idefics2-iter1,furniture,mobili,armadio,scaffale mobile,scaffale mobile,2,
idefics2-iter1,furniture,mobili,armadio,scaffale per biancheria,scaffale per biancheria,3,
idefics2-iter1,furniture,mobili,armadio,scaffale per abbigliamento,scaffale per abbigliamento,4,0.0
idefics2-iter1,furniture,mobili,armadio,scaffale per scarpe,scaffale per scarpe,5,
idefics2-iter1,furniture,mobili,armadio,scaffale per borse,scaffale per borse,6,
idefics2-iter1,stationery,cancelleria,astuccio,valigia,valigia,1,40010.0
idefics2-iter1,stationery,cancelleria,astuccio,valigia a mano,valigia a mano,2,
idefics2-iter1,stationery,cancelleria,astuccio,valigia a due mani,valigia a due mani,3,
idefics2-iter1,stationery,cancelleria,astuccio,valigia a ruote,valigia a ruote,4,
idefics2-iter1,stationery,cancelleria,astuccio,valigia a ruote a mano,valigia a ruote a mano,5,
idefics2-iter1,stationery,cancelleria,astuccio,valigia a ruote a due mani,valigia a ruote a due mani,6,
idefics2-iter1,hobbies,passatempi,attrezzo,martello,martello,1,35294.0
idefics2-iter1,hobbies,passatempi,attrezzo,scopa,scopa,2,38416.0
idefics2-iter1,hobbies,passatempi,attrezzo,sciabola,sciabola,3,13888.0
idefics2-iter1,hobbies,passatempi,attrezzo,scovolatore,scovolatore,4,
idefics2-iter1,hobbies,passatempi,attrezzo,scovolatore,scovolatore,5,
idefics2-iter1,vehicles,veicoli,autobus,pullman,pullman,1,35948.0
idefics2-iter1,vehicles,veicoli,autobus,pullman-bus,pullman-bus,2,
idefics2-iter1,vehicles,veicoli,autobus,pullman-limousine,pullman-limousine,3,
idefics2-iter1,vehicles,veicoli,autobus,pullman-sonnenwagen,pullman-sonnenwagen,4,
idefics2-iter1,vehicles,veicoli,autobus,pullman-sonnenwagen-limousine,pullman-sonnenwagen-limousine,5,
idefics2-iter1,vehicles,veicoli,autobus,pullman-sonnenwagen-limousine-bus,pullman-sonnenwagen-limousine-bus,6,
idefics2-iter1,vehicles,veicoli,autobus,pullman-sonnenwagen-limousine-bus-sonnenwagen,pullman-sonnenwagen-limousine-bus-sonnenwagen,7,
idefics2-iter1,vehicles,veicoli,autobus,pullman-sonnenwagen-limousine-bus-sonnenwagen-limousine,pullman-sonnenwagen-limousine-bus-sonnenwagen-limousine,8,
idefics2-iter1,vehicles,veicoli,autobus,pullman-sonnenwagen-limousine-bus-sonnenwagen-limousine-bus-sonnenwagen,pullman-sonnenwagen-limousine-bus-sonnenwagen-limousine-bus-sonnenwagen,9,
idefics2-iter1,vehicles,veicoli,autobus,pullman-sonnenwagen-limousine-bus-sonnenwagen-limousine-bus-sonnenwagen-limousine-bus-sonnenwagen-limousine-bus-sonnenwagen-limousine-bus-sonnenwagen-limousine-bus-sonnenwagen-limousine-bus-s,pullman-sonnenwagen-limousine-bus-sonnenwagen-limousine-bus-sonnenwagen-limousine-bus-sonnenwagen-limousine-bus-sonnenwagen-limousine-bus-sonnenwagen-limousine-bus-sonnenwagen-limousine-bus-s,10,
idefics2-iter1,vehicles,veicoli,automobile,auto,auto,1,37910.0
idefics2-iter1,vehicles,veicoli,automobile,auto da turismo,auto da turismo,2,26.0
idefics2-iter1,vehicles,veicoli,automobile,auto da competizione,auto da competizione,3,55.0
idefics2-iter1,vehicles,veicoli,automobile,auto da corsa,auto da corsa,4,125.0
idefics2-iter1,vehicles,veicoli,automobile,auto da strada,auto da strada,5,
idefics2-iter1,housing buildings,edifici residenziali,bagno,lavandino,lavandino,1,37944.0
idefics2-iter1,housing buildings,edifici residenziali,bagno,vasca,vasca,2,40030.0
idefics2-iter1,housing buildings,edifici residenziali,bagno,toilette,toilette,3,19354.0
idefics2-iter1,housing buildings,edifici residenziali,bagno,doccia,doccia,4,31052.0
idefics2-iter1,housing buildings,edifici residenziali,bagno,scaldovino,scaldovino,5,
idefics2-iter1,housing buildings,edifici residenziali,bagno,scaldabagno,scalda,6,13479.0
idefics2-iter1,housing buildings,edifici residenziali,balcone,terrazza,terrazza,1,608470.0
idefics2-iter1,housing buildings,edifici residenziali,balcone,terrazza panoramica,terrazza panoramica,2,1166.0
idefics2-iter1,housing buildings,edifici residenziali,balcone,terrazza con vista,terrazza con vista,3,151.0
idefics2-iter1,housing buildings,edifici residenziali,balcone,terrazza con tettoie,terrazza con tettoie,4,
idefics2-iter1,housing buildings,edifici residenziali,balcone,terrazza con tettoie e tavoli,terrazza con tettoie e tavoli,5,
idefics2-iter1,housing buildings,edifici residenziali,balcone,terrazza con tettoie e tavoli e cucina,terrazza con tettoie e tavoli e cucina,6,
idefics2-iter1,housing buildings,edifici residenziali,balcone,terrazza con tettoie e tavoli e cucina e bagno,terrazza con tettoie e tavoli e cucina e bagno,7,
idefics2-iter1,housing buildings,edifici residenziali,balcone,terrazza con tettoie e tavoli e cucina e bagno e letto,terrazza con tettoie e tavoli e cucina e bagno e letto,8,
idefics2-iter1,housing buildings,edifici residenziali,balcone,terrazza con tettoie e tavoli e cucina e bagno e letto e cassette,terrazza con tettoie e tavoli e cucina e bagno e letto e cassette,9,
idefics2-iter1,housing buildings,edifici residenziali,balcone,terrazza con tettoie e tavoli e cucina e bagno e letto e cassette e cassette,terrazza con tettoie e tavoli e cucina e bagno e letto e cassette e cassette,10,
idefics2-iter1,housing buildings,edifici residenziali,balcone,terrazza con tettoie e tavoli e cucina e bagno e letto e cassette e cassette e cassette,terrazza con tettoie e tavoli e cucina e bagno e letto e cassette e cassette e cassette,11,
idefics2-iter1,housing buildings,edifici residenziali,balcone,terrazza con tettoie e tavoli e cucina e bagno e letto e cassette e cass,terrazza con tettoie e tavoli e cucina e bagno e letto e cassette e cass,12,
idefics2-iter1,kitchenware,utensili da cucina,bicchiere,bicchiere da vino,da vino,1,166.0
idefics2-iter1,kitchenware,utensili da cucina,bicchiere,bicchiere da birra,da birra,2,40.0
idefics2-iter1,kitchenware,utensili da cucina,bicchiere,bicchiere da caffè,da caffè,3,68.0
idefics2-iter1,kitchenware,utensili da cucina,bicchiere,bicchiere da latte,da latte,4,42.0
idefics2-iter1,kitchenware,utensili da cucina,bicchiere,bicchiere da acqua,da acqua,5,638.0
idefics2-iter1,vehicles,veicoli,bicicletta,bicicletta da montagna,da montagna,1,21.0
idefics2-iter1,vehicles,veicoli,bicicletta,bicicletta da corsa,da corsa,2,88.0
idefics2-iter1,vehicles,veicoli,bicicletta,bicicletta da strada,da strada,3,48.0
idefics2-iter1,vehicles,veicoli,bicicletta,bicicletta da museo,da museo,4,
idefics2-iter1,vehicles,veicoli,bicicletta,bicicletta da viaggio,da viaggio,5,27.0
idefics2-iter1,body parts,parti del corpo,bocca,labbra,labbra,1,48526.0
idefics2-iter1,body parts,parti del corpo,bocca,lingua,lingua,2,36926.0
idefics2-iter1,body parts,parti del corpo,bocca,denti,denti,3,46856.0
idefics2-iter1,body parts,parti del corpo,bocca,palato,palato,4,21589.0
idefics2-iter1,body parts,parti del corpo,bocca,gola,gola,5,15663.0
idefics2-iter1,body parts,parti del corpo,bocca,faringue,faringue,6,
idefics2-iter1,body parts,parti del corpo,braccio,braccio destro,destro,1,3880.0
idefics2-iter1,body parts,parti del corpo,braccio,braccio sinistro,sinistro,2,586.0
idefics2-iter1,clothes,vestiti,calza,calzino,calzino,1,56638.0
idefics2-iter1,clothes,vestiti,calza,calzare,re,2,21526.0
idefics2-iter1,clothes,vestiti,calza,calzature,ture,3,75194.0
idefics2-iter1,housing buildings,edifici residenziali,camera,fotocamera,foto,1,46368.0
idefics2-iter1,housing buildings,edifici residenziali,camera,telefono,telefono,2,1973300.0
idefics2-iter1,housing buildings,edifici residenziali,camera,tablet,tablet,3,47800.0
idefics2-iter1,housing buildings,edifici residenziali,camera,computer,computer,4,37858.0
idefics2-iter1,housing buildings,edifici residenziali,camera,smartwatch,smartwatch,5,38520.0
idefics2-iter1,housing buildings,edifici residenziali,camera,drone,drone,6,43184.0
idefics2-iter1,clothes,vestiti,camicia,camisetta,camisetta,1,9.0
idefics2-iter1,clothes,vestiti,camicia,maglia,maglia,2,33938.0
idefics2-iter1,clothes,vestiti,camicia,giubbino,giubbino,3,17620.0
idefics2-iter1,clothes,vestiti,camicia,giacca,giacca,4,33734.0
idefics2-iter1,vehicles,veicoli,camion,camioncino,cino,1,18600.0
idefics2-iter1,furnishings/fittings,arredamenti/accessori,candelabro,candelabro a trecce,a trecce,1,
idefics2-iter1,animals,animali,cane,labrador,labrador,1,11337.0
idefics2-iter1,animals,animali,cane,bulldog,bulldog,2,11165.0
idefics2-iter1,animals,animali,cane,pug,pug,3,4212.0
idefics2-iter1,animals,animali,cane,dachshund,dachshund,4,306.0
idefics2-iter1,animals,animali,cane,golden retriever,golden retriever,5,2013.0
idefics2-iter1,clothes,vestiti,canottiera,canottiera da bagno,da bagno,1,0.0
idefics2-iter1,clothes,vestiti,canottiera,canottiera da ginnastica,da ginnastica,2,0.0
idefics2-iter1,clothes,vestiti,canottiera,canottiera da tennis,da tennis,3,0.0
idefics2-iter1,clothes,vestiti,canottiera,canottiera da bicicletta,da bicicletta,4,0.0
idefics2-iter1,clothes,vestiti,canottiera,canottiera da golf,da golf,5,0.0
idefics2-iter1,body parts,parti del corpo,capello,boccoli,boccoli,1,6183.0
idefics2-iter1,body parts,parti del corpo,capello,boc,boc,2,2129.0
idefics2-iter1,clothes,vestiti,cappello,cappello fedora,fedora,1,23.0
idefics2-iter1,clothes,vestiti,cappello,cappello berbera,berbera,2,
idefics2-iter1,clothes,vestiti,cappello,cappello cowboy,cowboy,3,20.0
idefics2-iter1,clothes,vestiti,cappello,cappello cappello fedora,cappello fedora,4,
idefics2-iter1,clothes,vestiti,cappello,cappello cappello fedora,cappello fedora,5,
idefics2-iter1,clothes,vestiti,cappotto,giacca,giacca,1,33734.0
idefics2-iter1,clothes,vestiti,cappotto,gilet,gilet,2,48246.0
idefics2-iter1,clothes,vestiti,cappotto,mantello,mantello,3,49932.0
idefics2-iter1,clothes,vestiti,cappotto,overcoat,overcoat,4,324.0
idefics2-iter1,clothes,vestiti,cappotto,smock,smock,5,355.0
idefics2-iter1,foods,cibi,carne,bovino,bovino,1,29670.0
idefics2-iter1,foods,cibi,carne,suino,suino,2,33596.0
idefics2-iter1,foods,cibi,carne,pollame,pollame,3,16714.0
idefics2-iter1,foods,cibi,carne,pesce,pesce,4,39748.0
idefics2-iter1,foods,cibi,carne,uccello,uccello,5,36790.0
idefics2-iter1,vehicles,veicoli,carrozza,carrozza a quattro ruote,a quattro ruote,1,21.0
idefics2-iter1,vehicles,veicoli,carrozza,carrozza a due ruote,a due ruote,2,21.0
idefics2-iter1,vehicles,veicoli,carrozza,carrozza a tre ruote,a tre ruote,3,2.0
idefics2-iter1,vehicles,veicoli,carrozza,carrozza a cinque ruote,a cinque ruote,4,
idefics2-iter1,vehicles,veicoli,carrozza,carrozza a sei ruote,a sei ruote,5,0.0
idefics2-iter1,vehicles,veicoli,carrozza,carrozza a sette ruote,a sette ruote,6,
idefics2-iter1,hobbies,passatempi,carte,carta da gioco,carta da gioco,1,206.0
idefics2-iter1,hobbies,passatempi,carte,carta da visita,carta da visita,2,86.0
idefics2-iter1,hobbies,passatempi,carte,carta da regalo,carta da regalo,3,1847.0
idefics2-iter1,hobbies,passatempi,carte,carta da telefono,carta da telefono,4,1.0
idefics2-iter1,hobbies,passatempi,carte,carta da posta,carta da posta,5,2.0
idefics2-iter1,hobbies,passatempi,carte,carta da banca,carta da banca,6,
idefics2-iter1,furniture,mobili,cassettiera,cassette,cassette,1,25249.0
idefics2-iter1,furniture,mobili,cassettiera,cassette a cassette,cassette a cassette,2,
idefics2-iter1,furniture,mobili,cassettiera,cassette a cassette a cassette,cassette a cassette a cassette,3,
idefics2-iter1,furniture,mobili,cassettiera,cassette a cassette a cassette a cassette,cassette a cassette a cassette a cassette,4,
idefics2-iter1,furniture,mobili,cassettiera,cassette a cassette a cassette a cassette a cassette,cassette a cassette a cassette a cassette a cassette,5,
idefics2-iter1,furniture,mobili,cassettiera,cassette a cassette a cassette a cassette a cassette a cassette,cassette a cassette a cassette a cassette a cassette a cassette,6,
idefics2-iter1,animals,animali,cavallo,stallione,stallione,1,5.0
idefics2-iter1,animals,animali,cavallo,cavallo da corsa,da corsa,2,74.0
idefics2-iter1,animals,animali,cavallo,cavallo da lavoro,da lavoro,3,60.0
idefics2-iter1,hobbies,passatempi,cd,cd singolo,singolo,1,1134.0
idefics2-iter1,hobbies,passatempi,cd,cd box set,box set,2,18.0
idefics2-iter1,hobbies,passatempi,cd,cd album,album,3,334.0
idefics2-iter1,hobbies,passatempi,cd,cd compilation,compilation,4,90.0
idefics2-iter1,hobbies,passatempi,cd,cd singolo,singolo,5,1134.0
idefics2-iter1,furnishings/fittings,arredamenti/accessori,centrotavola,tavola,tavola,1,39800.0
idefics2-iter1,furnishings/fittings,arredamenti/accessori,centrotavola,tavolino,tavolino,2,58140.0
idefics2-iter1,furnishings/fittings,arredamenti/accessori,centrotavola,tavola da cucina,tavola da cucina,3,22.0
idefics2-iter1,furnishings/fittings,arredamenti/accessori,centrotavola,tavola da cucina mobile,tavola da cucina mobile,4,
idefics2-iter1,furnishings/fittings,arredamenti/accessori,centrotavola,tavola da cucina a piedi,tavola da cucina a piedi,5,
idefics2-iter1,furnishings/fittings,arredamenti/accessori,centrotavola,tavola da cucina a piedi mobile,tavola da cucina a piedi mobile,6,
idefics2-iter1,furnishings/fittings,arredamenti/accessori,centrotavola,tavola da cucina a piedi mobile con tavolo,tavola da cucina a piedi mobile con tavolo,7,
idefics2-iter1,furnishings/fittings,arredamenti/accessori,centrotavola,tavola da cucina a piedi mobile con tavolo e sedie,tavola da cucina a piedi mobile con tavolo e sedie,8,
idefics2-iter1,furnishings/fittings,arredamenti/accessori,centrotavola,tavola da cucina a piedi mobile con tavolo e sedie e tavolo,tavola da cucina a piedi mobile con tavolo e sedie e tavolo,9,
idefics2-iter1,furnishings/fittings,arredamenti/accessori,centrotavola,tavola da cucina a piedi mobile con tavolo e sedie e tavolo e tavolo,tavola da cucina a piedi mobile con tavolo e sedie e tavolo e tavolo,10,
idefics2-iter1,foods,cibi,cereale,farina,farina,1,35780.0
idefics2-iter1,foods,cibi,cereale,orzo,orzo,2,34190.0
idefics2-iter1,foods,cibi,cereale,riso,riso,3,726124.0
idefics2-iter1,foods,cibi,cereale,frumento,frumento,4,40840.0
idefics2-iter1,foods,cibi,cereale,avena,avena,5,24926.0
idefics2-iter1,foods,cibi,cereale,miglio,miglio,6,18304.0
idefics2-iter1,body parts,parti del corpo,cervello,cerebro,cerebro,1,3302.0
idefics2-iter1,body parts,parti del corpo,cervello,midbrain,midbrain,2,10.0
idefics2-iter1,body parts,parti del corpo,cervello,pons,pons,3,6038.0
idefics2-iter1,body parts,parti del corpo,cervello,medulla spinalis,medulla spinalis,4,
idefics2-iter1,body parts,parti del corpo,cervello,cerebellum,cerebellum,5,198.0
idefics2-iter1,hobbies,passatempi,chitarra,chitarra elettrica,elettrica,1,43298.0
idefics2-iter1,hobbies,passatempi,chitarra,chitarra acustica,acustica,2,2048.0
idefics2-iter1,hobbies,passatempi,chitarra,chitarra classica,classica,3,1036.0
idefics2-iter1,hobbies,passatempi,chitarra,chitarra a 12 corde,a 12 corde,4,50.0
idefics2-iter1,hobbies,passatempi,chitarra,chitarra a 6 corde,a 6 corde,5,40.0
idefics2-iter1,plants,piante,ciclamino,ciclamino selvatico,selvatico,1,59.0
idefics2-iter1,plants,piante,ciliegio,ciliegio rosso,rosso,1,38.0
idefics2-iter1,plants,piante,ciliegio,ciliegio bianco,bianco,2,66.0
idefics2-iter1,plants,piante,ciliegio,ciliegio giallo,giallo,3,2.0
idefics2-iter1,plants,piante,ciliegio,ciliegio rosso scuro,rosso scuro,4,0.0
idefics2-iter1,plants,piante,ciliegio,ciliegio rosso chiaro,rosso chiaro,5,0.0
idefics2-iter1,foods,cibi,cioccolato,barra,barra,1,21564.0
idefics2-iter1,foods,cibi,cioccolato,bocca,bocca,2,39300.0
idefics2-iter1,foods,cibi,cioccolato,cilindro,cilindro,3,35650.0
idefics2-iter1,foods,cibi,cioccolato,cubo,cubo,4,22975.0
idefics2-iter1,foods,cibi,cioccolato,pallino,pallino,5,50740.0
idefics2-iter1,foods,cibi,cioccolato,scocca,scocca,6,15065.0
idefics2-iter1,stationery,cancelleria,colla,adesivo,adesivo,1,354888.0
idefics2-iter1,stationery,cancelleria,colla,adesivo per carta,adesivo per carta,2,40.0
idefics2-iter1,stationery,cancelleria,colla,adesivo per cartone,adesivo per cartone,3,6.0
idefics2-iter1,stationery,cancelleria,colla,adesivo per legno,adesivo per legno,4,48.0
idefics2-iter1,stationery,cancelleria,colla,adesivo per plastica,adesivo per plastica,5,6.0
idefics2-iter1,stationery,cancelleria,colla,adesivo per metallo,adesivo per metallo,6,
idefics2-iter1,stationery,cancelleria,colla,adesivo per tessuto,adesivo per tessuto,7,
idefics2-iter1,stationery,cancelleria,colla,adesivo per vetro,adesivo per vetro,8,40.0
idefics2-iter1,stationery,cancelleria,colla,adesivo per legno,adesivo per legno,9,48.0
idefics2-iter1,body parts,parti del corpo,collo,bocca,bocca,1,39300.0
idefics2-iter1,body parts,parti del corpo,collo,orecchie,orecchie,2,46324.0
idefics2-iter1,body parts,parti del corpo,collo,naso,naso,3,27830.0
idefics2-iter1,body parts,parti del corpo,collo,cigli,cigli,4,
idefics2-iter1,housing buildings,edifici residenziali,colonna,colonna di legno,di legno,1,40.0
idefics2-iter1,housing buildings,edifici residenziali,colonna,colonna di marmo,di marmo,2,46.0
idefics2-iter1,housing buildings,edifici residenziali,colonna,colonna di cemento,di cemento,3,46.0
idefics2-iter1,kitchenware,utensili da cucina,coltello,coltello da cucina,da cucina,1,206.0
idefics2-iter1,kitchenware,utensili da cucina,coltello,coltello da cucina da taglio,da cucina da taglio,2,0.0
idefics2-iter1,kitchenware,utensili da cucina,coltello,coltello da cucina da taglio a serrature,da cucina da taglio a serrature,3,
idefics2-iter1,kitchenware,utensili da cucina,coltello,coltello da cucina da taglio a serrature a sicurezza,da cucina da taglio a serrature a sicurezza,4,
idefics2-iter1,kitchenware,utensili da cucina,coltello,coltello da cucina da taglio a serrature a sicurezza con manico,da cucina da taglio a serrature a sicurezza con manico,5,
idefics2-iter1,kitchenware,utensili da cucina,coltello,coltello da cucina da taglio a serrature a sicurezza con manico e manico ergonomico,da cucina da taglio a serrature a sicurezza con manico e manico ergonomico,6,
idefics2-iter1,kitchenware,utensili da cucina,coltello,coltello da cucina da taglio a serrature a sicurezza con manico e manico ergonomico e manico ergonomico con manico ergonomico,da cucina da taglio a serrature a sicurezza con manico e manico ergonomico e manico ergonomico con manico ergonomico,7,
idefics2-iter1,furniture,mobili,comodino,cassette,cassette,1,25249.0
idefics2-iter1,furniture,mobili,comodino,scatole,scatole,2,22052.0
idefics2-iter1,furniture,mobili,comodino,scaffale,scaffale,3,42692.0
idefics2-iter1,furniture,mobili,comodino,scaffale per cassette,scaffale per cassette,4,
idefics2-iter1,furniture,mobili,comodino,scaffale per scatole,scaffale per scatole,5,
idefics2-iter1,hobbies,passatempi,computer,desktop,desktop,1,35954.0
idefics2-iter1,hobbies,passatempi,computer,laptop,laptop,2,43154.0
idefics2-iter1,hobbies,passatempi,computer,tablet,tablet,3,47800.0
idefics2-iter1,hobbies,passatempi,computer,smartphone,smartphone,4,33938.0
idefics2-iter1,furniture,mobili,comò,monitor,monitor,1,47460.0
idefics2-iter1,furniture,mobili,comò,computer,computer,2,37858.0
idefics2-iter1,furniture,mobili,comò,scanner,scanner,3,46230.0
idefics2-iter1,furniture,mobili,comò,stampante,stampante,4,28688.0
idefics2-iter1,furniture,mobili,comò,mouse,mouse,5,35472.0
idefics2-iter1,furniture,mobili,comò,keyboard,keyboard,6,13020.0
idefics2-iter1,animals,animali,coniglio,coniglio selvatico,selvatico,1,452.0
idefics2-iter1,animals,animali,coniglio,coniglio domestico,domestico,2,62.0
idefics2-iter1,animals,animali,coniglio,coniglio selvatico americano,selvatico americano,3,0.0
idefics2-iter1,animals,animali,coniglio,coniglio selvatico europeo,selvatico europeo,4,18.0
idefics2-iter1,animals,animali,coniglio,coniglio selvatico australiano,selvatico australiano,5,0.0
idefics2-iter1,furnishings/fittings,arredamenti/accessori,cornice,cornice a scala,a scala,1,
idefics2-iter1,furnishings/fittings,arredamenti/accessori,cornice,cornice a cassetto,a cassetto,2,
idefics2-iter1,furnishings/fittings,arredamenti/accessori,cornice,cornice a cassetto a scala,a cassetto a scala,3,
idefics2-iter1,furnishings/fittings,arredamenti/accessori,cornice,cornice a cassetto a scala con cassette a scala,a cassetto a scala con cassette a scala,4,
idefics2-iter1,furnishings/fittings,arredamenti/accessori,cornice,cornice a cassette a scala con cassette a scala con cassette a scala,a cassette a scala con cassette a scala con cassette a scala,5,
idefics2-iter1,furnishings/fittings,arredamenti/accessori,cornice,cornice a cassette a scala con cassette a scala con cassette a scala con cassette a scala con cassette a scala con cassette a scala con cassette a scala con cassette a scala con cassette a scala con cassette a scala con cassette a scala con cassette a scala con cassette a scala con cassette a scala con cassette a scala con cassette a scala con cassette a scala con cassette a scala con cassette a scala con cassette a scala con cassette a scala con cassette a sc,a cassette a scala con cassette a scala con cassette a scala con cassette a scala con cassette a scala con cassette a scala con cassette a scala con cassette a scala con cassette a scala con cassette a scala con cassette a scala con cassette a scala con cassette a scala con cassette a scala con cassette a scala con cassette a scala con cassette a scala con cassette a scala con cassette a scala con cassette a scala con cassette a scala con cassette a sc,6,
idefics2-iter1,furniture,mobili,credenza,scrivania,scrivania,1,45254.0
idefics2-iter1,furniture,mobili,credenza,armadio,armadio,2,42558.0
idefics2-iter1,furniture,mobili,credenza,cassette,cassette,3,25249.0
idefics2-iter1,furniture,mobili,credenza,scaffale,scaffale,4,42692.0
idefics2-iter1,hobbies,passatempi,cruciverba,parola,parola,1,27574.0
idefics2-iter1,hobbies,passatempi,cruciverba,lettera,lettera,2,26443.0
idefics2-iter1,hobbies,passatempi,cruciverba,simbolo,simbolo,3,34948.0
idefics2-iter1,hobbies,passatempi,cruciverba,numerale,numerale,4,
idefics2-iter1,hobbies,passatempi,cruciverba,frase,frase,5,
idefics2-iter1,hobbies,passatempi,cruciverba,espressione,espressione,6,
idefics2-iter1,hobbies,passatempi,cruciverba,aggettivo,aggettivo,7,
idefics2-iter1,hobbies,passatempi,cruciverba,verbo,verbo,8,
idefics2-iter1,hobbies,passatempi,cruciverba,pronome,pronome,9,
idefics2-iter1,hobbies,passatempi,cruciverba,preposizione,preposizione,10,
idefics2-iter1,hobbies,passatempi,cruciverba,congiunzione,congiunzione,11,
idefics2-iter1,hobbies,passatempi,cruciverba,articolo,articolo,12,41192.0
idefics2-iter1,hobbies,passatempi,cruciverba,preposizione,preposizione,13,
idefics2-iter1,kitchenware,utensili da cucina,cucchiaio,cucchiaio da cucina,da cucina,1,40.0
idefics2-iter1,kitchenware,utensili da cucina,cucchiaio,cucchiaio da banco,da banco,2,0.0
idefics2-iter1,kitchenware,utensili da cucina,cucchiaio,cucchiaio da tavola,da tavola,3,78.0
idefics2-iter1,kitchenware,utensili da cucina,cucchiaio,cucchiaio da bocca,da bocca,4,0.0
idefics2-iter1,kitchenware,utensili da cucina,cucchiaio,cucchiaio da bocca per bambini,da bocca per bambini,5,
idefics2-iter1,kitchenware,utensili da cucina,cucchiaio,cucchiaio da bocca per adulti,da bocca per adulti,6,
idefics2-iter1,housing buildings,edifici residenziali,cucina,cucina da cucina,da cucina,1,
idefics2-iter1,body parts,parti del corpo,cuore,cuore umano,umano,1,98.0
idefics2-iter1,body parts,parti del corpo,cuore,cuore animale,animale,2,104.0
idefics2-iter1,body parts,parti del corpo,cuore,cuore vegetale,vegetale,3,20.0
idefics2-iter1,body parts,parti del corpo,cuore,cuore di pietra,di pietra,4,104.0
idefics2-iter1,body parts,parti del corpo,cuore,cuore di legno,di legno,5,48.0
idefics2-iter1,body parts,parti del corpo,cuore,cuore di metallo,di metallo,6,40.0
idefics2-iter1,body parts,parti del corpo,cuore,cuore di ghiaccio,di ghiaccio,7,68.0
idefics2-iter1,body parts,parti del corpo,cuore,cuore di lava,di lava,8,9.0
idefics2-iter1,body parts,parti del corpo,cuore,cuore di pietra,di pietra,9,104.0
idefics2-iter1,furnishings/fittings,arredamenti/accessori,cuscino,cuscino per la testa,per la testa,1,20.0
idefics2-iter1,furnishings/fittings,arredamenti/accessori,cuscino,cuscino per il corpo,per il corpo,2,34.0
idefics2-iter1,furnishings/fittings,arredamenti/accessori,cuscino,cuscino per il letto,per il letto,3,23.0
idefics2-iter1,furnishings/fittings,arredamenti/accessori,cuscino,cuscino per il divano,per il divano,4,20.0
idefics2-iter1,furnishings/fittings,arredamenti/accessori,cuscino,cuscino per il sofà,per il sofà,5,
idefics2-iter1,animals,animali,delfino,squalo,squalo,1,18782.0
idefics2-iter1,animals,animali,delfino,squalo delfino,squalo ,2,
idefics2-iter1,animals,animali,delfino,squalo balena,squalo balena,3,839.0
idefics2-iter1,animals,animali,delfino,squalo balena delfino,squalo balena ,4,
idefics2-iter1,furniture,mobili,divano,divano da letto,da letto,1,6.0
idefics2-iter1,furniture,mobili,divano,divano da sala,da sala,2,
idefics2-iter1,furniture,mobili,divano,divano da sala da gioco,da sala da gioco,3,
idefics2-iter1,furniture,mobili,divano,divano da sala da musica,da sala da musica,4,
idefics2-iter1,furniture,mobili,divano,divano da sala da cinema,da sala da cinema,5,
idefics2-iter1,plants,piante,edera,acacia,acacia,1,34804.0
idefics2-iter1,plants,piante,edera,aloe,aloe,2,37988.0
idefics2-iter1,plants,piante,edera,arboricola,arboricola,3,
idefics2-iter1,plants,piante,edera,arborea,arborea,4,21183.0
idefics2-iter1,plants,piante,edera,arbusto,arbusto,5,29878.0
idefics2-iter1,plants,piante,edera,arboreo,arboreo,6,18731.0
idefics2-iter1,animals,animali,elefante,elefante africano,africano,1,300.0
idefics2-iter1,animals,animali,elefante,elefante asiatico,asiatico,2,250.0
idefics2-iter1,animals,animali,elefante,elefante indiano,indiano,3,112.0
idefics2-iter1,animals,animali,elefante,elefante sudanese,sudanese,4,0.0
idefics2-iter1,animals,animali,elefante,elefante africano orientale,africano orientale,5,1.0
idefics2-iter1,animals,animali,elefante,elefante africano occidentale,africano occidentale,6,2.0
idefics2-iter1,animals,animali,elefante,elefante africano meridionale,africano meridionale,7,0.0
idefics2-iter1,animals,animali,elefante,elefante africano occident,africano occident,8,
idefics2-iter1,vehicles,veicoli,elicottero,elicottero militare,militare,1,136.0
idefics2-iter1,vehicles,veicoli,elicottero,elicottero da trasporto,da trasporto,2,473.0
idefics2-iter1,vehicles,veicoli,elicottero,elicottero da ricognizione,da ricognizione,3,90.0
idefics2-iter1,vehicles,veicoli,elicottero,elicottero da combattimento,da combattimento,4,43.0
idefics2-iter1,vehicles,veicoli,elicottero,elicottero da soccorso,da soccorso,5,58.0
idefics2-iter1,stationery,cancelleria,evidenziatore,penna,penna,1,28584.0
idefics2-iter1,stationery,cancelleria,evidenziatore,stilo,stilo,2,41106.0
idefics2-iter1,stationery,cancelleria,evidenziatore,marker,marker,3,16606.0
idefics2-iter1,stationery,cancelleria,evidenziatore,crayon,crayon,4,728.0
idefics2-iter1,stationery,cancelleria,evidenziatore,pastello,pastello,5,18154.0
idefics2-iter1,stationery,cancelleria,evidenziatore,pennarello,pennarello,6,12343.0
idefics2-iter1,clothes,vestiti,felpa,camisa,camisa,1,3124.0
idefics2-iter1,clothes,vestiti,felpa,maglia,maglia,2,33938.0
idefics2-iter1,clothes,vestiti,felpa,giubbino,giubbino,3,17620.0
idefics2-iter1,clothes,vestiti,felpa,sweater,sweater,4,926.0
idefics2-iter1,clothes,vestiti,felpa,t-shirt,t-shirt,5,35456.0
idefics2-iter1,plants,piante,ficus,ficus benjamina,benjamina,1,838.0
idefics2-iter1,plants,piante,ficus,ficus elastica,elastica,2,648.0
idefics2-iter1,plants,piante,ficus,ficus pumila,pumila,3,182.0
idefics2-iter1,plants,piante,ficus,ficus gibbosa,gibbosa,4,
idefics2-iter1,plants,piante,ficus,ficus lyrata,lyrata,5,202.0
idefics2-iter1,plants,piante,ficus,ficus elastica 'burgundy',elastica 'burgundy',6,
idefics2-iter1,housing buildings,edifici residenziali,finestra,porta,porta,1,47904.0
idefics2-iter1,housing buildings,edifici residenziali,finestra,vetro,vetro,2,30836.0
idefics2-iter1,housing buildings,edifici residenziali,finestra,porta-finestra,porta-,3,3468.0
idefics2-iter1,housing buildings,edifici residenziali,finestra,porta-fenestra,porta-fenestra,4,
idefics2-iter1,housing buildings,edifici residenziali,finestra,porta-finestra,porta-,5,3468.0
idefics2-iter1,furnishings/fittings,arredamenti/accessori,fioriera,pianta,pianta,1,37258.0
idefics2-iter1,furnishings/fittings,arredamenti/accessori,fioriera,fiori,fiori,2,60330.0
idefics2-iter1,furnishings/fittings,arredamenti/accessori,fioriera,vasi,vasi,3,17210.0
idefics2-iter1,furnishings/fittings,arredamenti/accessori,fioriera,pietra,pietra,4,36944.0
idefics2-iter1,stationery,cancelleria,foglio,carta,carta,1,29882.0
idefics2-iter1,stationery,cancelleria,foglio,carta da scrittura,carta da scrittura,2,50.0
idefics2-iter1,stationery,cancelleria,foglio,carta da telefono,carta da telefono,3,1.0
idefics2-iter1,stationery,cancelleria,foglio,carta da registro,carta da registro,4,2.0
idefics2-iter1,stationery,cancelleria,foglio,carta da spesa,carta da spesa,5,0.0
idefics2-iter1,stationery,cancelleria,foglio,carta da visita,carta da visita,6,86.0
idefics2-iter1,stationery,cancelleria,foglio,carta da lavoro,carta da lavoro,7,8.0
idefics2-iter1,stationery,cancelleria,foglio,carta da stampa,carta da stampa,8,172.0
idefics2-iter1,stationery,cancelleria,foglio,carta da fumo,carta da fumo,9,3.0
idefics2-iter1,stationery,cancelleria,foglio,carta da riserva,carta da riserva,10,
idefics2-iter1,stationery,cancelleria,foglio,carta da bolla,carta da bolla,11,
idefics2-iter1,stationery,cancelleria,foglio,carta da regalo,carta da regalo,12,1847.0
idefics2-iter1,stationery,cancelleria,foglio,carta da posta,carta da posta,13,2.0
idefics2-iter1,stationery,cancelleria,foglio,carta da telefono cellulare,carta da telefono cellulare,14,
idefics2-iter1,stationery,cancelleria,foglio,carta da telefono fissa,carta da telefono fissa,15,
idefics2-iter1,stationery,cancelleria,foglio,carta da telefono mobile,carta da telefono mobile,16,
idefics2-iter1,stationery,cancelleria,foglio,carta da telefono mobile 3g,carta da telefono mobile 3g,17,
idefics2-iter1,stationery,cancelleria,foglio,carta da telefono mobile 4g,carta da telefono mobile 4g,18,
idefics2-iter1,stationery,cancelleria,foglio,carta da telefono mobile 5g,carta da telefono mobile 5g,19,
idefics2-iter1,stationery,cancelleria,foglio,carta da telefono mobile lte,carta da telefono mobile lte,20,
idefics2-iter1,stationery,cancelleria,foglio,carta da telefono mobile volte,carta da telefono mobile volte,21,
idefics2-iter1,stationery,cancelleria,foglio,carta da telefono mobile vowifi,carta da telefono mobile vowifi,22,
idefics2-iter1,stationery,cancelleria,foglio,carta da telefono mobile wifi,carta da telefono mobile wifi,23,
idefics2-iter1,stationery,cancelleria,foglio,carta da telefono mobile wimax,carta da telefono mobile wimax,24,
idefics2-iter1,stationery,cancelleria,foglio,carta da,carta da,25,159389.0
idefics2-iter1,kitchenware,utensili da cucina,forbice,forbice da taglio,da taglio,1,62.0
idefics2-iter1,kitchenware,utensili da cucina,forbice,forbice da taglio e taglia,da taglio e taglia,2,0.0
idefics2-iter1,kitchenware,utensili da cucina,forchetta,forchetta da cucina,da cucina,1,24.0
idefics2-iter1,kitchenware,utensili da cucina,forchetta,forchetta da tavola,da tavola,2,52.0
idefics2-iter1,foods,cibi,formaggio,pecorino,pecorino,1,28196.0
idefics2-iter1,foods,cibi,formaggio,parmigiano reggiano,parmigiano reggiano,2,8296.0
idefics2-iter1,foods,cibi,formaggio,mozzarella,mozzarella,3,41520.0
idefics2-iter1,foods,cibi,formaggio,gorgonzola,gorgonzola,4,31790.0
idefics2-iter1,foods,cibi,formaggio,brie,brie,5,15394.0
idefics2-iter1,foods,cibi,formaggio,cheddar,cheddar,6,4842.0
idefics2-iter1,foods,cibi,formaggio,camembert,camembert,7,5150.0
idefics2-iter1,foods,cibi,formaggio,feta,feta,8,14230.0
idefics2-iter1,foods,cibi,formaggio,gouda,gouda,9,2998.0
idefics2-iter1,foods,cibi,formaggio,gruyere,gruyere,10,592.0
idefics2-iter1,foods,cibi,formaggio,provolone,provolone,11,13004.0
idefics2-iter1,foods,cibi,formaggio,ricotta,ricotta,12,43048.0
idefics2-iter1,foods,cibi,formaggio,roquefort,roquefort,13,3896.0
idefics2-iter1,foods,cibi,formaggio,stilton,stilton,14,7444.0
idefics2-iter1,foods,cibi,formaggio,swiss,swiss,15,35202.0
idefics2-iter1,foods,cibi,formaggio,edam,edam,16,781.0
idefics2-iter1,foods,cibi,formaggio,manchego,manchego,17,360.0
idefics2-iter1,foods,cibi,formaggio,feta,feta,18,14230.0
idefics2-iter1,furnishings/fittings,arredamenti/accessori,fotografia,scatto,scatto,1,18070.0
idefics2-iter1,furnishings/fittings,arredamenti/accessori,fotografia,foto,foto,2,40156.0
idefics2-iter1,furnishings/fittings,arredamenti/accessori,fotografia,fotografo,fotografo,3,24012.0
idefics2-iter1,furnishings/fittings,arredamenti/accessori,fotografia,fotocamera,fotocamera,4,46368.0
idefics2-iter1,furnishings/fittings,arredamenti/accessori,fotografia,fotocopia,fotocopia,5,48220.0
idefics2-iter1,furnishings/fittings,arredamenti/accessori,fotografia,fotocopiatura,fotocopiatura,6,1442.0
idefics2-iter1,furnishings/fittings,arredamenti/accessori,fotografia,fotocopia digitale,fotocopia digitale,7,19.0
idefics2-iter1,furnishings/fittings,arredamenti/accessori,fotografia,fotocopiatura digitale,fotocopiatura digitale,8,
idefics2-iter1,furnishings/fittings,arredamenti/accessori,fotografia,fotocop,fotocop,9,
idefics2-iter1,foods,cibi,frutta,mela,mela,1,40206.0
idefics2-iter1,foods,cibi,frutta,ciliegie,ciliegie,2,51106.0
idefics2-iter1,foods,cibi,frutta,pesche,pesche,3,44544.0
idefics2-iter1,foods,cibi,frutta,mango,mango,4,35254.0
idefics2-iter1,foods,cibi,frutta,banane,banane,5,66066.0
idefics2-iter1,foods,cibi,frutta,uva,uva,6,33032.0
idefics2-iter1,vehicles,veicoli,furgone,camion,camion,1,31796.0
idefics2-iter1,vehicles,veicoli,furgone,pick-up,pick-up,2,30836.0
idefics2-iter1,vehicles,veicoli,furgone,van,van,3,41840.0
idefics2-iter1,vehicles,veicoli,furgone,autobus,autobus,4,663876.0
idefics2-iter1,vehicles,veicoli,furgone,autocarro,autocarro,5,38636.0
idefics2-iter1,animals,animali,gallo,gallina,na,1,42830.0
idefics2-iter1,animals,animali,gallo,gallo selvatico,selvatico,2,188.0
idefics2-iter1,animals,animali,gallo,gallo domestico,domestico,3,152.0
idefics2-iter1,animals,animali,gallo,gallina domestica,na domestica,4,100.0
idefics2-iter1,body parts,parti del corpo,gamba,femorale,femorale,1,15221.0
idefics2-iter1,body parts,parti del corpo,gamba,tibiale,tibiale,2,5942.0
idefics2-iter1,body parts,parti del corpo,gamba,peroneale,peroneale,3,
idefics2-iter1,body parts,parti del corpo,gamba,fibula,fibula,4,4370.0
idefics2-iter1,body parts,parti del corpo,gamba,tibia,tibia,5,30162.0
idefics2-iter1,body parts,parti del corpo,gamba,perone,perone,6,15578.0
idefics2-iter1,animals,animali,gatto,gatto domestico,domestico,1,218.0
idefics2-iter1,animals,animali,gatto,gatto selvatico,selvatico,2,550.0
idefics2-iter1,animals,animali,gatto,gatto di casa,di casa,3,62.0
idefics2-iter1,animals,animali,gatto,gatto di strada,di strada,4,32.0
idefics2-iter1,animals,animali,gatto,gatto di stalla,di stalla,5,0.0
idefics2-iter1,animals,animali,gatto,gatto di caccia,di caccia,6,0.0
idefics2-iter1,plants,piante,geranio,geranium,geranium,1,
idefics2-iter1,plants,piante,geranio,pelargonium,pelargonium,2,2124.0
idefics2-iter1,plants,piante,geranio,arancio,arancio,3,32990.0
idefics2-iter1,plants,piante,geranio,dianthus,dianthus,4,753.0
idefics2-iter1,clothes,vestiti,giacca,giubbino,giubbino,1,17620.0
idefics2-iter1,clothes,vestiti,giacca,cappotto,cappotto,2,22182.0
idefics2-iter1,clothes,vestiti,giacca,fazzoletto,fazzoletto,3,36940.0
idefics2-iter1,clothes,vestiti,giacca,gilet,gilet,4,48246.0
idefics2-iter1,clothes,vestiti,gilet,veste,veste,1,43688.0
idefics2-iter1,clothes,vestiti,gilet,giacca,giacca,2,33734.0
idefics2-iter1,clothes,vestiti,gilet,giubbino,giubbino,3,17620.0
idefics2-iter1,clothes,vestiti,gilet,giacca da pranzo,giacca da pranzo,4,1.0
idefics2-iter1,clothes,vestiti,gilet,giacca da gala,giacca da gala,5,6.0
idefics2-iter1,hobbies,passatempi,gioco da tavola,scacchiere,scacchiere,1,34346.0
idefics2-iter1,hobbies,passatempi,gioco da tavola,scacchi,scacchi,2,49338.0
idefics2-iter1,hobbies,passatempi,gioco da tavola,go,go,3,14521.0
idefics2-iter1,hobbies,passatempi,gioco da tavola,backgammon,backgammon,4,5172.0
idefics2-iter1,hobbies,passatempi,gioco da tavola,domino,domino,5,39758.0
idefics2-iter1,hobbies,passatempi,gioco da tavola,briscola,briscola,6,21770.0
idefics2-iter1,hobbies,passatempi,gioco da tavola,tric-trac,tric-trac,7,
idefics2-iter1,hobbies,passatempi,gioco da tavola,carte da gioco,carte da gioco,8,202.0
idefics2-iter1,hobbies,passatempi,giornale,quotidiano,quotidiano,1,38134.0
idefics2-iter1,hobbies,passatempi,giornale,settimanale,settimanale,2,33902.0
idefics2-iter1,hobbies,passatempi,giornale,mensile,mensile,3,17128.0
idefics2-iter1,hobbies,passatempi,giornale,annuale,annuale,4,22089.0
idefics2-iter1,clothes,vestiti,giubotto,veste,veste,1,43688.0
idefics2-iter1,clothes,vestiti,giubotto,giacca,giacca,2,33734.0
idefics2-iter1,clothes,vestiti,giubotto,giubbino,giubbino,3,17620.0
idefics2-iter1,clothes,vestiti,giubotto,giacca da pranzo,giacca da pranzo,4,1.0
idefics2-iter1,clothes,vestiti,giubotto,giacca da gala,giacca da gala,5,6.0
idefics2-iter1,stationery,cancelleria,gomma,pneumatico,pneumatico,1,36932.0
idefics2-iter1,stationery,cancelleria,gomma,gomma da bicicletta,da bicicletta,2,42.0
idefics2-iter1,stationery,cancelleria,gomma,gomma da auto,da auto,3,22.0
idefics2-iter1,stationery,cancelleria,gomma,gomma da camion,da camion,4,20.0
idefics2-iter1,stationery,cancelleria,gomma,gomma da motocicletta,da motocicletta,5,
idefics2-iter1,stationery,cancelleria,gomma,gomma da scooter,da scooter,6,
idefics2-iter1,clothes,vestiti,gonna,andare,andare,1,18615.0
idefics2-iter1,clothes,vestiti,gonna,andare a cena,andare a cena,2,
idefics2-iter1,clothes,vestiti,gonna,andare a cena con i tuoi amici,andare a cena con i tuoi amici,3,
idefics2-iter1,clothes,vestiti,gonna,andare a cena con i tuoi amici e la tua ragazza/o,andare a cena con i tuoi amici e la tua ragazza/o,4,
idefics2-iter1,clothes,vestiti,gonna,andare a cena con i tuoi amici e la tua ragazza/o e i tuoi figli,andare a cena con i tuoi amici e la tua ragazza/o e i tuoi figli,5,
idefics2-iter1,clothes,vestiti,gonna,andare a cena con i tuoi amici e la tua ragazza/o e i tuoi figli e la tua madre/o,andare a cena con i tuoi amici e la tua ragazza/o e i tuoi figli e la tua madre/o,6,
idefics2-iter1,clothes,vestiti,gonna,andare a cena con i tuoi amici e la tua ragazza/o e i tuoi figli e la tua madre/o e il tuo padre/o,andare a cena con i tuoi amici e la tua ragazza/o e i tuoi figli e la tua madre/o e il tuo padre/o,7,
idefics2-iter1,clothes,vestiti,gonna,andare a cena con i tuoi amici e la tua ragazza/o e i tuoi figli e la tua madre/o e il tuo padre/o e il tuo fratello/a,andare a cena con i tuoi amici e la tua ragazza/o e i tuoi figli e la tua madre/o e il tuo padre/o e il tuo fratello/a,8,
idefics2-iter1,clothes,vestiti,gonna,andare a cena con i tuoi amici e la tua ragazza/o e i tuoi figli e la,andare a cena con i tuoi amici e la tua ragazza/o e i tuoi figli e la,9,
idefics2-iter1,stationery,cancelleria,graffetta,stampa,stampa,1,40420.0
idefics2-iter1,stationery,cancelleria,graffetta,penna,penna,2,28584.0
idefics2-iter1,stationery,cancelleria,graffetta,stilo,stilo,3,41106.0
idefics2-iter1,clothes,vestiti,guanti,guanti da lavoro,da lavoro,1,78.0
idefics2-iter1,clothes,vestiti,guanti,guanti da biciclette,da biciclette,2,0.0
idefics2-iter1,clothes,vestiti,guanti,guanti da cucina,da cucina,3,58.0
idefics2-iter1,clothes,vestiti,guanti,guanti da bocca,da bocca,4,0.0
idefics2-iter1,clothes,vestiti,guanti,guanti da scopa,da scopa,5,
idefics2-iter1,clothes,vestiti,guanti,guanti da pulitura,da pulitura,6,
idefics2-iter1,foods,cibi,insalata,insalata mista,mista,1,694.0
idefics2-iter1,foods,cibi,insalata,insalata di verdure,di verdure,2,50.0
idefics2-iter1,foods,cibi,insalata,insalata di patate,di patate,3,48.0
idefics2-iter1,foods,cibi,insalata,insalata di carne,di carne,4,40.0
idefics2-iter1,foods,cibi,insalata,insalata di pesce,di pesce,5,48.0
idefics2-iter1,foods,cibi,insalata,insalata di frutta,di frutta,6,46.0
idefics2-iter1,furnishings/fittings,arredamenti/accessori,lampada,lampada da tavolo,da tavolo,1,276.0
idefics2-iter1,furnishings/fittings,arredamenti/accessori,lampada,lampada da parete,da parete,2,44.0
idefics2-iter1,furnishings/fittings,arredamenti/accessori,lampada,lampada da soffitto,da soffitto,3,80.0
idefics2-iter1,furnishings/fittings,arredamenti/accessori,lampada,lampada da muro,da muro,4,27.0
idefics2-iter1,furnishings/fittings,arredamenti/accessori,lampada,lamp,lamp,5,4315.0
idefics2-iter1,furnishings/fittings,arredamenti/accessori,lampadario,chandelier,chandelier,1,1012.0
idefics2-iter1,furnishings/fittings,arredamenti/accessori,lampadario,sconce,sconce,2,4478.0
idefics2-iter1,furnishings/fittings,arredamenti/accessori,lampadario,lampada,lampada,3,19416.0
idefics2-iter1,furnishings/fittings,arredamenti/accessori,lampadario,lampada da tavolo,lampada da tavolo,4,276.0
idefics2-iter1,furnishings/fittings,arredamenti/accessori,lampadario,lampada da parete,lampada da parete,5,44.0
idefics2-iter1,furnishings/fittings,arredamenti/accessori,lampadario,lampada da soffitto,lampada da soffitto,6,80.0
idefics2-iter1,foods,cibi,latte,latte fresco,fresco,1,265.0
idefics2-iter1,foods,cibi,latte,latte in polietilene,in polietilene,2,
idefics2-iter1,foods,cibi,latte,latte in cartone,in cartone,3,
idefics2-iter1,foods,cibi,latte,latte in bottiglia,in bottiglia,4,25.0
idefics2-iter1,foods,cibi,latte,latte in tetraedro,in tetraedro,5,0.0
idefics2-iter1,foods,cibi,latte,latte in scatola,in scatola,6,21.0
idefics2-iter1,foods,cibi,legume,fagioli,fagioli,1,58698.0
idefics2-iter1,foods,cibi,legume,fave,fave,2,47898.0
idefics2-iter1,foods,cibi,legume,lenticchie,lenticchie,3,48902.0
idefics2-iter1,foods,cibi,legume,piselli,piselli,4,42566.0
idefics2-iter1,foods,cibi,legume,fagiolini,fagiolini,5,31994.0
idefics2-iter1,foods,cibi,legume,fagiolini bianchi,fagiolini bianchi,6,34.0
idefics2-iter1,foods,cibi,legume,fagiolini neri,fagiolini neri,7,10.0
idefics2-iter1,foods,cibi,legume,fagiolini rossi,fagiolini rossi,8,9.0
idefics2-iter1,foods,cibi,legume,fagiolini verdi,fagiolini verdi,9,99.0
idefics2-iter1,foods,cibi,legume,fagiolini gialli,fagiolini gialli,10,25.0
idefics2-iter1,animals,animali,leone,leonessa,ssa,1,20018.0
idefics2-iter1,animals,animali,leone,leoncino,leoncino,2,4846.0
idefics2-iter1,furniture,mobili,letto,letto da baby,da baby,1,
idefics2-iter1,furniture,mobili,letto,letto da bambino,da bambino,2,66.0
idefics2-iter1,furniture,mobili,letto,letto da adulto,da adulto,3,
idefics2-iter1,furniture,mobili,letto,letto da dormire,da dormire,4,
idefics2-iter1,furniture,mobili,letto,letto da nascita,da nascita,5,
idefics2-iter1,furniture,mobili,letto,letto da nubile,da nubile,6,
idefics2-iter1,furniture,mobili,letto,letto da nubile,da nubile,7,
idefics2-iter1,hobbies,passatempi,lettore,libro,libro,1,33996.0
idefics2-iter1,hobbies,passatempi,lettore,rivista,rivista,2,35870.0
idefics2-iter1,hobbies,passatempi,lettore,carta stampata,carta stampata,3,661.0
idefics2-iter1,hobbies,passatempi,lettore,tablet,tablet,4,47800.0
idefics2-iter1,hobbies,passatempi,lettore,computer,computer,5,37858.0
idefics2-iter1,hobbies,passatempi,lettore,telefono,telefono,6,1973300.0
idefics2-iter1,furniture,mobili,libreria,libro,libro,1,33996.0
idefics2-iter1,furniture,mobili,libreria,enciclopedia,enciclopedia,2,38886.0
idefics2-iter1,furniture,mobili,libreria,rivista,rivista,3,35870.0
idefics2-iter1,furniture,mobili,libreria,periodico,periodico,4,35774.0
idefics2-iter1,furniture,mobili,libreria,carta stampata,carta stampata,5,661.0
idefics2-iter1,furniture,mobili,libreria,carta stampata,carta stampata,6,661.0
idefics2-iter1,hobbies,passatempi,libro,libro per bambini,per bambini,1,163.0
idefics2-iter1,hobbies,passatempi,libro,libro per adulti,per adulti,2,34.0
idefics2-iter1,hobbies,passatempi,libro,libro per ragazzi,per ragazzi,3,143.0
idefics2-iter1,hobbies,passatempi,libro,libro per adolescenti,per adolescenti,4,
idefics2-iter1,hobbies,passatempi,libro,libro per anziani,per anziani,5,
idefics2-iter1,hobbies,passatempi,libro,libro per vecchi,per vecchi,6,
idefics2-iter1,hobbies,passatempi,libro,libro per giovani,per giovani,7,
idefics2-iter1,hobbies,passatempi,libro,libro per ragazze,per ragazze,8,
idefics2-iter1,animals,animali,lucertola,lucertole d'acqua,d'acqua,1,
idefics2-iter1,animals,animali,lucertola,lucertole di terra,di terra,2,
idefics2-iter1,animals,animali,lucertola,lucertole di foresta,di foresta,3,
idefics2-iter1,animals,animali,lucertola,lucertole di deserto,di deserto,4,
idefics2-iter1,animals,animali,lucertola,lucertole di montagna,di montagna,5,
idefics2-iter1,animals,animali,lucertola,lucertole di prateria,di prateria,6,
idefics2-iter1,animals,animali,lucertola,lucertole di,di,7,
idefics2-iter1,clothes,vestiti,maglia,t-shirt,t-shirt,1,35456.0
idefics2-iter1,clothes,vestiti,maglia,giubbino,giubbino,2,17620.0
idefics2-iter1,clothes,vestiti,maglia,sweater,sweater,3,926.0
idefics2-iter1,clothes,vestiti,maglia,cardigan,cardigan,4,17456.0
idefics2-iter1,clothes,vestiti,maglia,pullover,pullover,5,12042.0
idefics2-iter1,animals,animali,maiale,porco,porco,1,21411.0
idefics2-iter1,animals,animali,maiale,suino,suino,2,33596.0
idefics2-iter1,animals,animali,maiale,porcellino,porcellino,3,25548.0
idefics2-iter1,animals,animali,maiale,maialino,no,4,16116.0
idefics2-iter1,body parts,parti del corpo,mano,mano destra,destra,1,396.0
idefics2-iter1,body parts,parti del corpo,mano,mano sinistra,sinistra,2,474.0
idefics2-iter1,stationery,cancelleria,matita,matita a grafite,a grafite,1,22.0
idefics2-iter1,stationery,cancelleria,matita,matita a carboncino,a carboncino,2,26.0
idefics2-iter1,stationery,cancelleria,matita,matita a grafite e carboncino,a grafite e carboncino,3,
idefics2-iter1,kitchenware,utensili da cucina,mestolo,cucchiaio,cucchiaio,1,401638.0
idefics2-iter1,kitchenware,utensili da cucina,mestolo,tazza,tazza,2,37292.0
idefics2-iter1,kitchenware,utensili da cucina,mestolo,teglia,teglia,3,30612.0
idefics2-iter1,kitchenware,utensili da cucina,mestolo,piatto,piatto,4,31104.0
idefics2-iter1,kitchenware,utensili da cucina,mestolo,tazza,tazza,5,37292.0
idefics2-iter1,furnishings/fittings,arredamenti/accessori,metro,metro-centro,-centro,1,
idefics2-iter1,furnishings/fittings,arredamenti/accessori,metro,metro-nord,-nord,2,
idefics2-iter1,furnishings/fittings,arredamenti/accessori,metro,metro-sud,-sud,3,
idefics2-iter1,furnishings/fittings,arredamenti/accessori,metro,metro-est,-est,4,
idefics2-iter1,furnishings/fittings,arredamenti/accessori,metro,metro-ovest,-ovest,5,
idefics2-iter1,vehicles,veicoli,motocicletta,scooter,scooter,1,50306.0
idefics2-iter1,vehicles,veicoli,motocicletta,moto,moto,2,33864.0
idefics2-iter1,vehicles,veicoli,motocicletta,motorino,motorino,3,27888.0
idefics2-iter1,vehicles,veicoli,motocicletta,moto-cross,moto-cross,4,
idefics2-iter1,vehicles,veicoli,motocicletta,moto-scooter,moto-scooter,5,
idefics2-iter1,animals,animali,mucca,bovino,bovino,1,29670.0
idefics2-iter1,animals,animali,mucca,bovino domestico,bovino domestico,2,143.0
idefics2-iter1,animals,animali,mucca,bovino selvatico,bovino selvatico,3,117.0
idefics2-iter1,animals,animali,mucca,bovino dom,bovino dom,4,
idefics2-iter1,housing buildings,edifici residenziali,muro,parete,parete,1,35862.0
idefics2-iter1,housing buildings,edifici residenziali,muro,parapetto,parapetto,2,34950.0
idefics2-iter1,housing buildings,edifici residenziali,muro,muro di cinta,di cinta,3,120.0
idefics2-iter1,housing buildings,edifici residenziali,muro,muro di controllo,di controllo,4,7.0
idefics2-iter1,body parts,parti del corpo,naso,labbra,labbra,1,48526.0
idefics2-iter1,body parts,parti del corpo,naso,cigli,cigli,2,
idefics2-iter1,vehicles,veicoli,nave,nave da crociera,da crociera,1,52.0
idefics2-iter1,vehicles,veicoli,nave,nave da carico,da carico,2,62.0
idefics2-iter1,vehicles,veicoli,nave,nave da guerra,da guerra,3,716.0
idefics2-iter1,vehicles,veicoli,nave,nave da passeggio,da passeggio,4,
idefics2-iter1,vehicles,veicoli,nave,nave da pescato,da pescato,5,0.0
idefics2-iter1,vehicles,veicoli,nave,nave da caccia,da caccia,6,36.0
idefics2-iter1,body parts,parti del corpo,occhio,cornea,cornea,1,18571.0
idefics2-iter1,body parts,parti del corpo,occhio,iris,iris,2,13334.0
idefics2-iter1,body parts,parti del corpo,occhio,pupilla,pupilla,3,20929.0
idefics2-iter1,body parts,parti del corpo,occhio,coroide,coroide,4,1505.0
idefics2-iter1,body parts,parti del corpo,occhio,sclera,sclera,5,3000.0
idefics2-iter1,body parts,parti del corpo,occhio,uvea,uvea,6,592.0
idefics2-iter1,body parts,parti del corpo,occhio,retina,retina,7,13051.0
idefics2-iter1,body parts,parti del corpo,occhio,corpo vitreo,corpo vitreo,8,
idefics2-iter1,body parts,parti del corpo,occhio,muscoli oculari,muscoli oculari,9,
idefics2-iter1,body parts,parti del corpo,occhio,nervi oculari,nervi oculari,10,
idefics2-iter1,body parts,parti del corpo,occhio,ghiandole lacrimali,ghiandole lacrimali,11,
idefics2-iter1,body parts,parti del corpo,orecchio,orecchio destro,destro,1,132.0
idefics2-iter1,body parts,parti del corpo,orecchio,orecchio sinistro,sinistro,2,89.0
idefics2-iter1,furnishings/fittings,arredamenti/accessori,orologio,orologio analogico,analogico,1,174.0
idefics2-iter1,furnishings/fittings,arredamenti/accessori,orologio,orologio digitale,digitale,2,126.0
idefics2-iter1,furnishings/fittings,arredamenti/accessori,orologio,orologio meccanico,meccanico,3,176.0
idefics2-iter1,furnishings/fittings,arredamenti/accessori,orologio,orologio elettronico,elettronico,4,216.0
idefics2-iter1,furnishings/fittings,arredamenti/accessori,orologio,orologio analogico meccanico,analogico meccanico,5,
idefics2-iter1,furnishings/fittings,arredamenti/accessori,orologio,orologio analogico elettronico,analogico elettronico,6,
idefics2-iter1,animals,animali,orso,orso bruno,bruno,1,826.0
idefics2-iter1,animals,animali,orso,orso polare,polare,2,2412.0
idefics2-iter1,animals,animali,orso,orso d'alaska,d'alaska,3,
idefics2-iter1,animals,animali,orso,orso d'europa,d'europa,4,0.0
idefics2-iter1,animals,animali,orso,orso d'asia,d'asia,5,0.0
idefics2-iter1,kitchenware,utensili da cucina,padella,padella da cucina,da cucina,1,60.0
idefics2-iter1,kitchenware,utensili da cucina,padella,padella da cucina in ghisa,da cucina in ghisa,2,
idefics2-iter1,kitchenware,utensili da cucina,padella,padella da cucina in acciaio,da cucina in acciaio,3,0.0
idefics2-iter1,kitchenware,utensili da cucina,padella,padella da cucina in ceramica,da cucina in ceramica,4,0.0
idefics2-iter1,kitchenware,utensili da cucina,padella,padella da cucina in vetro,da cucina in vetro,5,
idefics2-iter1,kitchenware,utensili da cucina,padella,padella da cucina in alluminio,da cucina in alluminio,6,0.0
idefics2-iter1,kitchenware,utensili da cucina,padella,padella da cucina in lega di alluminio,da cucina in lega di alluminio,7,
idefics2-iter1,kitchenware,utensili da cucina,padella,padella da cucina in lega di alluminio e ghisa,da cucina in lega di alluminio e ghisa,8,
idefics2-iter1,kitchenware,utensili da cucina,padella,padella da cucina in lega di alluminio e ghisa con manico,da cucina in lega di alluminio e ghisa con manico,9,
idefics2-iter1,kitchenware,utensili da cucina,padella,padella da cucina in lega di alluminio e ghisa con manico e coperchio,da cucina in lega di alluminio e ghisa con manico e coperchio,10,
idefics2-iter1,kitchenware,utensili da cucina,padella,padella da cucina in lega di alluminio e ghisa con manico e coperchio e cuscino,da cucina in lega di alluminio e ghisa con manico e coperchio e cuscino,11,
idefics2-iter1,kitchenware,utensili da cucina,padella,padella da cucina in lega di alluminio e ghisa con manico e coperchio e cuscino e coperchio,da cucina in lega di alluminio e ghisa con manico e coperchio e cuscino e coperchio,12,
idefics2-iter1,hobbies,passatempi,palla,calcio,calcio,1,34948.0
idefics2-iter1,hobbies,passatempi,palla,pallavollo,vollo,2,
idefics2-iter1,hobbies,passatempi,palla,tennis,tennis,3,28140.0
idefics2-iter1,hobbies,passatempi,palla,baseball,baseball,4,33060.0
idefics2-iter1,hobbies,passatempi,palla,rugby,rugby,5,36170.0
idefics2-iter1,hobbies,passatempi,palla,basket,basket,6,20186.0
idefics2-iter1,body parts,parti del corpo,pancia,utero,utero,1,108907.0
idefics2-iter1,body parts,parti del corpo,pancia,ovaio,ovaio,2,17115.0
idefics2-iter1,body parts,parti del corpo,pancia,placenta,placenta,3,22037.0
idefics2-iter1,body parts,parti del corpo,pancia,amniotic fluid,amniotic fluid,4,
idefics2-iter1,body parts,parti del corpo,pancia,fetus,fetus,5,
idefics2-iter1,foods,cibi,pane,pane integrale,integrale,1,546.0
idefics2-iter1,foods,cibi,pane,pane di frutta,di frutta,2,20.0
idefics2-iter1,foods,cibi,pane,pane di grano,di grano,3,88.0
idefics2-iter1,foods,cibi,pane,pane di avena,di avena,4,42.0
idefics2-iter1,foods,cibi,pane,pane di farina,di farina,5,46.0
idefics2-iter1,foods,cibi,pane,pane di mais,di mais,6,42.0
idefics2-iter1,foods,cibi,pane,pane di yogurt,di yogurt,7,
idefics2-iter1,foods,cibi,pane,pane di birra,di birra,8,
idefics2-iter1,foods,cibi,pane,pane di ceci,di ceci,9,8.0
idefics2-iter1,foods,cibi,pane,pane di amido,di amido,10,0.0
idefics2-iter1,foods,cibi,pane,pane di soia,di soia,11,42.0
idefics2-iter1,foods,cibi,pane,pane di cacao,di cacao,12,
idefics2-iter1,foods,cibi,pane,pane di caffè,di caffè,13,
idefics2-iter1,foods,cibi,pane,pane di erba,di erba,14,
idefics2-iter1,clothes,vestiti,pantalone,pantaloni corti,corti,1,893.0
idefics2-iter1,clothes,vestiti,pantalone,pantaloni lunghi,lunghi,2,923.0
idefics2-iter1,clothes,vestiti,pantalone,pantaloni jeans,jeans,3,
idefics2-iter1,clothes,vestiti,pantalone,pantaloni sportivi,sportivi,4,97.0
idefics2-iter1,foods,cibi,pasta,spaghetti,spaghetti,1,33368.0
idefics2-iter1,foods,cibi,pasta,tagliatelle,tagliatelle,2,28202.0
idefics2-iter1,foods,cibi,pasta,fettuccine,fettuccine,3,13116.0
idefics2-iter1,foods,cibi,pasta,pappardelle,pappardelle,4,12606.0
idefics2-iter1,foods,cibi,pasta,linguine,linguine,5,13410.0
idefics2-iter1,foods,cibi,pasta,bucatini,bucatini,6,8150.0
idefics2-iter1,foods,cibi,pasta,spirelli,spirelli,7,
idefics2-iter1,foods,cibi,pasta,farfalle,farfalle,8,51196.0
idefics2-iter1,foods,cibi,pasta,lasagne,lasagne,9,36794.0
idefics2-iter1,foods,cibi,pasta,ravioli,ravioli,10,48328.0
idefics2-iter1,foods,cibi,pasta,tortellini,tortellini,11,29886.0
idefics2-iter1,foods,cibi,pasta,cappelletti,cappelletti,12,30176.0
idefics2-iter1,foods,cibi,pasta,orecchiette,orecchiette,13,21886.0
idefics2-iter1,foods,cibi,pasta,maltagliati,maltagliati,14,3361.0
idefics2-iter1,foods,cibi,pasta,pici,pici,15,9422.0
idefics2-iter1,foods,cibi,pasta,ziti,ziti,16,2400.0
idefics2-iter1,foods,cibi,pasta,cavatelli,cavatelli,17,2667.0
idefics2-iter1,foods,cibi,pasta,fregolata,fregolata,18,
idefics2-iter1,foods,cibi,pasta,ditali,ditali,19,2514.0
idefics2-iter1,foods,cibi,pasta,penne,penne,20,58434.0
idefics2-iter1,foods,cibi,pasta,rigatoni,rigatoni,21,8048.0
idefics2-iter1,foods,cibi,pasta,conchiglie,conchiglie,22,66916.0
idefics2-iter1,foods,cibi,pasta,shells,shells,23,
idefics2-iter1,foods,cibi,pasta,rotini,rotini,24,700.0
idefics2-iter1,foods,cibi,pasta,fusilli,fusilli,25,15518.0
idefics2-iter1,foods,cibi,pasta,spaghetti squash,spaghetti squash,26,21.0
idefics2-iter1,stationery,cancelleria,pastello,pastello a olio,a olio,1,320.0
idefics2-iter1,stationery,cancelleria,pastello,pastello a tempera,a tempera,2,0.0
idefics2-iter1,stationery,cancelleria,pastello,pastello a secco,a secco,3,2.0
idefics2-iter1,stationery,cancelleria,pastello,pastello a secco,a secco,4,2.0
idefics2-iter1,housing buildings,edifici residenziali,pavimento,pavimento in cemento,in cemento,1,100.0
idefics2-iter1,housing buildings,edifici residenziali,pavimento,pavimento in legno,in legno,2,254.0
idefics2-iter1,housing buildings,edifici residenziali,pavimento,pavimento in pietra,in pietra,3,142.0
idefics2-iter1,housing buildings,edifici residenziali,pavimento,pavimento in ceramica,in ceramica,4,142.0
idefics2-iter1,housing buildings,edifici residenziali,pavimento,pavimento in vinile,in vinile,5,50.0
idefics2-iter1,housing buildings,edifici residenziali,pavimento,pavimento in gomma,in gomma,6,48.0
idefics2-iter1,stationery,cancelleria,penna,stilo,stilo,1,41106.0
idefics2-iter1,stationery,cancelleria,penna,penna a sfera,a sfera,2,66.0
idefics2-iter1,stationery,cancelleria,penna,penna a cartuccia,a cartuccia,3,25.0
idefics2-iter1,stationery,cancelleria,penna,penna a inchiostro,a inchiostro,4,42.0
idefics2-iter1,stationery,cancelleria,penna,penna a gomma,a gomma,5,2.0
idefics2-iter1,stationery,cancelleria,penna,penna a cilindro,a cilindro,6,2.0
idefics2-iter1,stationery,cancelleria,penna,penna a cilindro a inchiostro,a cilindro a inchiostro,7,
idefics2-iter1,stationery,cancelleria,penna,penna a cilindro a cartuccia,a cilindro a cartuccia,8,
idefics2-iter1,stationery,cancelleria,penna,penna a cilindro a gomma,a cilindro a gomma,9,
idefics2-iter1,stationery,cancelleria,penna,penna a cilindro a inchiostro a cartuccia,a cilindro a inchiostro a cartuccia,10,
idefics2-iter1,stationery,cancelleria,penna,penna a cilindro a gomma a cartuccia,a cilindro a gomma a cartuccia,11,
idefics2-iter1,stationery,cancelleria,penna,penna a c,a c,12,
idefics2-iter1,hobbies,passatempi,pennello,pennello a mano,a mano,1,22.0
idefics2-iter1,hobbies,passatempi,pennello,pennello a mano con tappo,a mano con tappo,2,
idefics2-iter1,hobbies,passatempi,pennello,pennello a mano con tappo e manico,a mano con tappo e manico,3,
idefics2-iter1,hobbies,passatempi,pennello,pennello a mano con tappo e manico con tassa,a mano con tappo e manico con tassa,4,
idefics2-iter1,hobbies,passatempi,pennello,pennello a mano con tappo e manico con tassa e manico con tappo,a mano con tappo e manico con tassa e manico con tappo,5,
idefics2-iter1,kitchenware,utensili da cucina,pentola,pentolina,pentolina,1,642.0
idefics2-iter1,kitchenware,utensili da cucina,pentola,pentolone,pentolone,2,17288.0
idefics2-iter1,kitchenware,utensili da cucina,pentola,pentolino,pentolino,3,27179.0
idefics2-iter1,kitchenware,utensili da cucina,pentola,pent,pent,4,1104.0
idefics2-iter1,foods,cibi,pesce,pesce d'acqua dolce,d'acqua dolce,1,0.0
idefics2-iter1,foods,cibi,pesce,pesce d'acqua salata,d'acqua salata,2,0.0
idefics2-iter1,foods,cibi,pesce,pesce d'acqua di mare,d'acqua di mare,3,
idefics2-iter1,foods,cibi,pesce,pesce d'acqua di fiume,d'acqua di fiume,4,
idefics2-iter1,foods,cibi,pesce,pesce d'acqua di laghi,d'acqua di laghi,5,
idefics2-iter1,foods,cibi,pesce,pesce d'acqua di pozze,d'acqua di pozze,6,
idefics2-iter1,foods,cibi,pesce,pesce d'acqua di specie,d'acqua di specie,7,
idefics2-iter1,foods,cibi,pesce,pesce d'acqua di generi,d'acqua di generi,8,
idefics2-iter1,foods,cibi,pesce,pesce d'acqua di famiglie,d'acqua di famiglie,9,
idefics2-iter1,foods,cibi,pesce,pesce d'acqua di ordini,d'acqua di ordini,10,
idefics2-iter1,foods,cibi,pesce,pesce d'acqua di classi,d'acqua di classi,11,
idefics2-iter1,foods,cibi,pesce,pesce d'acqua di sottoclassi,d'acqua di sottoclassi,12,
idefics2-iter1,foods,cibi,pesce,pesce d'acqua di famiglia,d'acqua di famiglia,13,
idefics2-iter1,foods,cibi,pesce,pesce d'acqua di genere,d'acqua di genere,14,
idefics2-iter1,foods,cibi,pesce,pesce d'acqua di varietà,d'acqua di varietà,15,
idefics2-iter1,foods,cibi,pesce,pesce d'acqua di sottospecie,d'acqua di sottospecie,16,
idefics2-iter1,foods,cibi,pesce,pesce d'acqua,d'acqua,17,
idefics2-iter1,kitchenware,utensili da cucina,piatto,piatto da cucina,da cucina,1,40.0
idefics2-iter1,kitchenware,utensili da cucina,piatto,piatto da tavola,da tavola,2,48.0
idefics2-iter1,kitchenware,utensili da cucina,piatto,piatto da banco,da banco,3,1.0
idefics2-iter1,kitchenware,utensili da cucina,piatto,piatto da caffè,da caffè,4,8.0
idefics2-iter1,kitchenware,utensili da cucina,piatto,piatto da birra,da birra,5,0.0
idefics2-iter1,kitchenware,utensili da cucina,piatto,piatto da vino,da vino,6,2.0
idefics2-iter1,body parts,parti del corpo,piede,calzature,calzature,1,75194.0
idefics2-iter1,body parts,parti del corpo,piede,scarpe,scarpe,2,919012.0
idefics2-iter1,body parts,parti del corpo,piede,stivali,stivali,3,47442.0
idefics2-iter1,body parts,parti del corpo,piede,sandali,sandali,4,47208.0
idefics2-iter1,body parts,parti del corpo,piede,scarpe da ginnastica,scarpe da ginnastica,5,652.0
idefics2-iter1,body parts,parti del corpo,piede,scarpe da tennis,scarpe da tennis,6,116.0
idefics2-iter1,plants,piante,pino,pinus,pinus,1,4935.0
idefics2-iter1,plants,piante,pino,pino silvestre,silvestre,2,1018.0
idefics2-iter1,plants,piante,pino,pino rosso,rosso,3,131.0
idefics2-iter1,plants,piante,pino,pino cembro,cembro,4,1988.0
idefics2-iter1,plants,piante,pino,pino nero,nero,5,210.0
idefics2-iter1,plants,piante,pino,pino d'aleppo,d'aleppo,6,0.0
idefics2-iter1,plants,piante,pino,pino d'italia,d'italia,7,0.0
idefics2-iter1,plants,piante,pino,pino d'aquileia,d'aquileia,8,0.0
idefics2-iter1,plants,piante,pino,pino d'austria,d'austria,9,0.0
idefics2-iter1,plants,piante,pino,pino d'europa,d'europa,10,
idefics2-iter1,plants,piante,pino,pino d'oro,d'oro,11,
idefics2-iter1,plants,piante,pino,pino d'oriente,d'oriente,12,
idefics2-iter1,plants,piante,pino,pino d'occidente,d'occidente,13,
idefics2-iter1,plants,piante,pino,pino d'ovest,d'ovest,14,
idefics2-iter1,plants,piante,pino,pino d'oriente,d'oriente,15,
idefics2-iter1,foods,cibi,pizza,pizza al taglio,al taglio,1,74.0
idefics2-iter1,foods,cibi,pizza,pizza al forno,al forno,2,28.0
idefics2-iter1,foods,cibi,pizza,pizza al forno a legna,al forno a legna,3,20.0
idefics2-iter1,foods,cibi,pizza,pizza al forno a pietra,al forno a pietra,4,
idefics2-iter1,foods,cibi,pizza,pizza al forno a pietra con olio,al forno a pietra con olio,5,
idefics2-iter1,foods,cibi,pizza,pizza al forno a pietra con olio e formaggio,al forno a pietra con olio e formaggio,6,
idefics2-iter1,foods,cibi,pizza,pizza al forno a pietra con olio e formaggio e spezzatina,al forno a pietra con olio e formaggio e spezzatina,7,
idefics2-iter1,foods,cibi,pizza,pizza al forno a pietra con olio e formaggio e spezzatina e basilico,al forno a pietra con olio e formaggio e spezzatina e basilico,8,
idefics2-iter1,foods,cibi,pizza,pizza al forno a pietra con olio e formaggio e spezzatina e basilico e peperoncino,al forno a pietra con olio e formaggio e spezzatina e basilico e peperoncino,9,
idefics2-iter1,foods,cibi,pizza,pizza al forno a pietra con olio e formaggio e spezzatina e basilico e peperoncino e peperone,al forno a pietra con olio e formaggio e spezzatina e basilico e peperoncino e peperone,10,
idefics2-iter1,foods,cibi,pizza,pizza al forno a pietra con olio e formaggio e spezzatina e basilico e peperoncino e peperone e peperoni,al forno a pietra con olio e formaggio e spezzatina e basilico e peperoncino e peperone e peperoni,11,
idefics2-iter1,foods,cibi,pizza,pizza al forno a pietra con olio e formaggio e spe,al forno a pietra con olio e formaggio e spe,12,
idefics2-iter1,furniture,mobili,poltrona,divano,divano,1,25648.0
idefics2-iter1,furniture,mobili,poltrona,sofà,sofà,2,12522.0
idefics2-iter1,furniture,mobili,poltrona,sedia,sedia,3,37746.0
idefics2-iter1,furniture,mobili,poltrona,cuscino,cuscino,4,33352.0
idefics2-iter1,furniture,mobili,poltrona,sedia a piatti,sedia a piatti,5,0.0
idefics2-iter1,housing buildings,edifici residenziali,porta,porta d'ingresso,d'ingresso,1,0.0
idefics2-iter1,housing buildings,edifici residenziali,porta,porta d'uscita,d'uscita,2,0.0
idefics2-iter1,housing buildings,edifici residenziali,porta,porta d'ing,d'ing,3,
idefics2-iter1,furnishings/fittings,arredamenti/accessori,portafotografia,camera,camera,1,48842.0
idefics2-iter1,furnishings/fittings,arredamenti/accessori,portafotografia,telefono,telefono,2,1973300.0
idefics2-iter1,furnishings/fittings,arredamenti/accessori,portafotografia,tablet,tablet,3,47800.0
idefics2-iter1,furnishings/fittings,arredamenti/accessori,portafotografia,computer,computer,4,37858.0
idefics2-iter1,furnishings/fittings,arredamenti/accessori,portafotografia,smartphone,smartphone,5,33938.0
idefics2-iter1,furnishings/fittings,arredamenti/accessori,posacenere,cenere,cenere,1,
idefics2-iter1,furnishings/fittings,arredamenti/accessori,posacenere,c,c,2,47222.0
idefics2-iter1,stationery,cancelleria,quaderno,carta,carta,1,29882.0
idefics2-iter1,stationery,cancelleria,quaderno,foglio,foglio,2,34728.0
idefics2-iter1,stationery,cancelleria,quaderno,libro,libro,3,33996.0
idefics2-iter1,stationery,cancelleria,quaderno,notebook,notebook,4,32084.0
idefics2-iter1,stationery,cancelleria,quaderno,diario,diario,5,40702.0
idefics2-iter1,furnishings/fittings,arredamenti/accessori,quadro,quadro a olio,a olio,1,28.0
idefics2-iter1,furnishings/fittings,arredamenti/accessori,quadro,quadro a pastello,a pastello,2,20.0
idefics2-iter1,furnishings/fittings,arredamenti/accessori,quadro,quadro a gouache,a gouache,3,0.0
idefics2-iter1,furnishings/fittings,arredamenti/accessori,quadro,quadro a carboncino,a carboncino,4,9.0
idefics2-iter1,furnishings/fittings,arredamenti/accessori,quadro,quadro a cera,a cera,5,0.0
idefics2-iter1,plants,piante,quercia,quercia rosso,rosso,1,646.0
idefics2-iter1,plants,piante,quercia,quercia bianca,bianca,2,1010.0
idefics2-iter1,plants,piante,quercia,quercia rosso,rosso,3,646.0
idefics2-iter1,hobbies,passatempi,racchetta,racchetta da tennis,da tennis,1,76.0
idefics2-iter1,hobbies,passatempi,racchetta,racchetta da squash,da squash,2,48.0
idefics2-iter1,hobbies,passatempi,racchetta,racchetta da badminton,da badminton,3,0.0
idefics2-iter1,hobbies,passatempi,racchetta,racchetta da ping pong,da ping pong,4,246.0
idefics2-iter1,stationery,cancelleria,righello,12,12,1,23792.0
idefics2-iter1,stationery,cancelleria,righello,15,15,2,23466.0
idefics2-iter1,stationery,cancelleria,righello,18,18,3,23787.0
idefics2-iter1,stationery,cancelleria,righello,20,20,4,18481.0
idefics2-iter1,stationery,cancelleria,righello,24,24,5,16043.0
idefics2-iter1,stationery,cancelleria,righello,30,30,6,17738.0
idefics2-iter1,stationery,cancelleria,righello,36,36,7,20806.0
idefics2-iter1,stationery,cancelleria,righello,40,40,8,26718.0
idefics2-iter1,stationery,cancelleria,righello,48,48,9,21504.0
idefics2-iter1,stationery,cancelleria,righello,60,60,10,24332.0
idefics2-iter1,stationery,cancelleria,righello,72,72,11,23809.0
idefics2-iter1,stationery,cancelleria,righello,90,90,12,
idefics2-iter1,stationery,cancelleria,righello,100,100,13,22089.0
idefics2-iter1,stationery,cancelleria,righello,120,120,14,
idefics2-iter1,stationery,cancelleria,righello,144,144,15,18648.0
idefics2-iter1,stationery,cancelleria,righello,150,150,16,
idefics2-iter1,stationery,cancelleria,righello,160,160,17,
idefics2-iter1,stationery,cancelleria,righello,180,180,18,
idefics2-iter1,stationery,cancelleria,righello,200,200,19,
idefics2-iter1,stationery,cancelleria,righello,240,240,20,
idefics2-iter1,stationery,cancelleria,righello,250,250,21,
idefics2-iter1,stationery,cancelleria,righello,270,270,22,
idefics2-iter1,stationery,cancelleria,righello,300,300,23,
idefics2-iter1,stationery,cancelleria,righello,360,360,24,18525.0
idefics2-iter1,stationery,cancelleria,righello,400,400,25,
idefics2-iter1,stationery,cancelleria,righello,480,480,26,
idefics2-iter1,stationery,cancelleria,righello,500,500,27,
idefics2-iter1,stationery,cancelleria,righello,540,540,28,
idefics2-iter1,stationery,cancelleria,righello,600,600,29,
idefics2-iter1,stationery,cancelleria,righello,630,630,30,
idefics2-iter1,stationery,cancelleria,righello,720,720,31,
idefics2-iter1,stationery,cancelleria,righello,800,800,32,
idefics2-iter1,stationery,cancelleria,righello,900,900,33,
idefics2-iter1,stationery,cancelleria,righello,1000,1000,34,28850.0
idefics2-iter1,stationery,cancelleria,righello,1080,1080,35,
idefics2-iter1,stationery,cancelleria,righello,1200,1200,36,
idefics2-iter1,stationery,cancelleria,righello,1270,1270,37,
idefics2-iter1,stationery,cancelleria,righello,1320,1320,38,
idefics2-iter1,stationery,cancelleria,righello,1440,1440,39,11367.0
idefics2-iter1,stationery,cancelleria,righello,1,1,40,20039.0
idefics2-iter1,housing buildings,edifici residenziali,ripostiglio,armadio,armadio,1,42558.0
idefics2-iter1,housing buildings,edifici residenziali,ripostiglio,scaffale,scaffale,2,42692.0
idefics2-iter1,housing buildings,edifici residenziali,ripostiglio,cassette,cassette,3,25249.0
idefics2-iter1,housing buildings,edifici residenziali,ripostiglio,scatola,scatola,4,49094.0
idefics2-iter1,housing buildings,edifici residenziali,ripostiglio,tasca,tasca,5,17192.0
idefics2-iter1,foods,cibi,riso,riso bianco,bianco,1,108.0
idefics2-iter1,foods,cibi,riso,riso nero,nero,2,54.0
idefics2-iter1,foods,cibi,riso,riso rosso,rosso,3,136.0
idefics2-iter1,foods,cibi,riso,riso giallo,giallo,4,512.0
idefics2-iter1,foods,cibi,riso,riso arborio,arborio,5,152.0
idefics2-iter1,foods,cibi,riso,riso integrale,integrale,6,810.0
idefics2-iter1,plants,piante,rosa,rosa rosso,rosso,1,50.0
idefics2-iter1,plants,piante,rosa,rosa rosa,rosa,2,1482.0
idefics2-iter1,plants,piante,rosa,rosa rosa rosso,rosa rosso,3,12.0
idefics2-iter1,plants,piante,rosa,rosa rosa rosso rosso,rosa rosso rosso,4,2.0
idefics2-iter1,plants,piante,rosa,rosa rosa rosso rosso rosso,rosa rosso rosso rosso,5,0.0
idefics2-iter1,plants,piante,salice,salicino,no,1,
idefics2-iter1,plants,piante,salice,salicina,na,2,1166.0
idefics2-iter1,plants,piante,salice,salicilina,lina,3,58.0
idefics2-iter1,plants,piante,salice,salicilato,lato,4,
idefics2-iter1,housing buildings,edifici residenziali,scala,scala per ragazzi,per ragazzi,1,
idefics2-iter1,housing buildings,edifici residenziali,scala,scala per adulti,per adulti,2,
idefics2-iter1,housing buildings,edifici residenziali,scala,scala per disabili,per disabili,3,
idefics2-iter1,housing buildings,edifici residenziali,scala,scala per bimbi,per bimbi,4,
idefics2-iter1,housing buildings,edifici residenziali,scala,scala per anziani,per anziani,5,
idefics2-iter1,clothes,vestiti,scarpa,scarpa da donna,da donna,1,41.0
idefics2-iter1,clothes,vestiti,scarpa,scarpa da uomo,da uomo,2,34.0
idefics2-iter1,clothes,vestiti,scarpa,scarpa da gara,da gara,3,20.0
idefics2-iter1,clothes,vestiti,scarpa,scarpa da lavoro,da lavoro,4,102.0
idefics2-iter1,clothes,vestiti,scarpa,scarpa da gara,da gara,5,20.0
idefics2-iter1,body parts,parti del corpo,schiena,schiena dorata,dorata,1,4.0
idefics2-iter1,body parts,parti del corpo,schiena,schiena d'oro,d'oro,2,
idefics2-iter1,body parts,parti del corpo,schiena,schiena d'argento,d'argento,3,
idefics2-iter1,body parts,parti del corpo,schiena,schiena d'oro e d'argento,d'oro e d'argento,4,
idefics2-iter1,body parts,parti del corpo,schiena,schiena d'oro e d'argento con diamanti,d'oro e d'argento con diamanti,5,
idefics2-iter1,clothes,vestiti,sciarpa,sciarpa a manica corta,a manica corta,1,0.0
idefics2-iter1,clothes,vestiti,sciarpa,sciarpa a manica lunga,a manica lunga,2,0.0
idefics2-iter1,clothes,vestiti,sciarpa,sciarpa a manica lunga con cuffia,a manica lunga con cuffia,3,
idefics2-iter1,clothes,vestiti,sciarpa,sciarpa a manica lunga con cuffia a gomma,a manica lunga con cuffia a gomma,4,
idefics2-iter1,clothes,vestiti,sciarpa,sciarpa a manica lunga con cuffia a gomma con cuffia a gomma,a manica lunga con cuffia a gomma con cuffia a gomma,5,
idefics2-iter1,clothes,vestiti,sciarpa,sciarpa a manica lunga con cuffia a gomma con cuffia a gomma con cuffia a gomma,a manica lunga con cuffia a gomma con cuffia a gomma con cuffia a gomma,6,
idefics2-iter1,clothes,vestiti,sciarpa,sciarpa a manica lunga con cuffia a gomma con cuffia a gomma con cuffia a gomma con cuffia a gomma con cuffia a gomma con cuffia a gomma con cuffia a gomma con cuffia a gomma con cuffia a gomma con cuffia a gomma con cuffia a gomma con cuffia a gomma con cuffia a gomma con cuffia,a manica lunga con cuffia a gomma con cuffia a gomma con cuffia a gomma con cuffia a gomma con cuffia a gomma con cuffia a gomma con cuffia a gomma con cuffia a gomma con cuffia a gomma con cuffia a gomma con cuffia a gomma con cuffia a gomma con cuffia a gomma con cuffia,7,
idefics2-iter1,animals,animali,scimmia,scimpanzé,scimpanzé,1,20488.0
idefics2-iter1,animals,animali,scimmia,orangutano,orangutano,2,6.0
idefics2-iter1,animals,animali,scimmia,gorilla,gorilla,3,35654.0
idefics2-iter1,animals,animali,scimmia,babbuino,babbuino,4,9084.0
idefics2-iter1,animals,animali,scimmia,gibbon,gibbon,5,4186.0
idefics2-iter1,kitchenware,utensili da cucina,scolapasta,scolapasta in plastica,in plastica,1,6.0
idefics2-iter1,kitchenware,utensili da cucina,scolapasta,scolapasta in carta,in carta,2,
idefics2-iter1,kitchenware,utensili da cucina,scolapasta,scolapasta in metallo,in metallo,3,4.0
idefics2-iter1,kitchenware,utensili da cucina,scolapasta,scolapasta in ceramica,in ceramica,4,2.0
idefics2-iter1,stationery,cancelleria,scolorina,bicchiere,bicchiere,1,44272.0
idefics2-iter1,stationery,cancelleria,scolorina,tazza,tazza,2,37292.0
idefics2-iter1,stationery,cancelleria,scolorina,tazza per caffè,tazza per caffè,3,22.0
idefics2-iter1,stationery,cancelleria,scolorina,tazza per tè,tazza per tè,4,7.0
idefics2-iter1,stationery,cancelleria,scolorina,tazza per latte,tazza per latte,5,
idefics2-iter1,stationery,cancelleria,scolorina,tazza per bevande,tazza per bevande,6,
idefics2-iter1,stationery,cancelleria,scolorina,tazza per bevande calde,tazza per bevande calde,7,
idefics2-iter1,stationery,cancelleria,scolorina,tazza per bevande fredde,tazza per bevande fredde,8,
idefics2-iter1,stationery,cancelleria,scolorina,tazza per bevande alcoliche,tazza per bevande alcoliche,9,
idefics2-iter1,stationery,cancelleria,scolorina,tazza per bevande non alcoliche,tazza per bevande non alcoliche,10,
idefics2-iter1,stationery,cancelleria,scolorina,tazza per bevande liquide,tazza per bevande liquide,11,
idefics2-iter1,stationery,cancelleria,scolorina,tazza per bevande semi-liquide,tazza per bevande semi-liquide,12,
idefics2-iter1,stationery,cancelleria,scolorina,tazza per bevande semi-solide,tazza per bevande semi-solide,13,
idefics2-iter1,stationery,cancelleria,scolorina,tazza per bevande solide,tazza per bevande solide,14,
idefics2-iter1,stationery,cancelleria,scolorina,tazza per bevande gelatina,tazza per bevande gelatina,15,
idefics2-iter1,stationery,cancelleria,scolorina,tazza per bevande gelatina liquida,tazza per bevande gelatina liquida,16,
idefics2-iter1,stationery,cancelleria,scolorina,tazza per bevande gelatina solida,tazza per bevande gelatina solida,17,
idefics2-iter1,stationery,cancelleria,scolorina,tazza per bevande gelatina semi-solida,tazza per bevande gelatina semi-solida,18,
idefics2-iter1,stationery,cancelleria,scolorina,tazza per bevande gelatina semi-liquida,tazza per bevande gelatina semi-liquida,19,
idefics2-iter1,stationery,cancelleria,scolorina,tazza per bevande gelatina liqu,tazza per bevande gelatina liqu,20,
idefics2-iter1,furniture,mobili,scrivania,tavolo,tavolo,1,35504.0
idefics2-iter1,furniture,mobili,scrivania,tavolo da lavoro,tavolo da lavoro,2,100.0
idefics2-iter1,furniture,mobili,scrivania,tavolo da studio,tavolo da studio,3,46.0
idefics2-iter1,furniture,mobili,scrivania,tavolo da ufficio,tavolo da ufficio,4,40.0
idefics2-iter1,furniture,mobili,sedia,sedia a rotelle,a rotelle,1,596.0
idefics2-iter1,furniture,mobili,sedia,sedia a piatti,a piatti,2,0.0
idefics2-iter1,furniture,mobili,sedia,sedia a piatti a rotelle,a piatti a rotelle,3,
idefics2-iter1,furniture,mobili,sedia,sedia a piatti a rotelle a bracci,a piatti a rotelle a bracci,4,
idefics2-iter1,animals,animali,serpente,serpente rettile,rettile,1,1.0
idefics2-iter1,animals,animali,serpente,serpente velenoso,velenoso,2,528.0
idefics2-iter1,animals,animali,serpente,serpente a veleno,a veleno,3,
idefics2-iter1,animals,animali,serpente,serpente a scaglie,a scaglie,4,2.0
idefics2-iter1,animals,animali,serpente,serpente a squame,a squame,5,
idefics2-iter1,animals,animali,serpente,serpente a squame velenoso,a squame velenoso,6,
idefics2-iter1,animals,animali,serpente,serpente a squame velenoso rettile,a squame velenoso rettile,7,
idefics2-iter1,animals,animali,serpente,serpente a squame velenoso rettile a scaglie,a squame velenoso rettile a scaglie,8,
idefics2-iter1,animals,animali,serpente,serpente a squame velenoso rettile a scaglie velenoso,a squame velenoso rettile a scaglie velenoso,9,
idefics2-iter1,clothes,vestiti,slip,pantaletto,pantaletto,1,0.0
idefics2-iter1,clothes,vestiti,slip,pantyhose,pantyhose,2,70.0
idefics2-iter1,clothes,vestiti,slip,tights,tights,3,930.0
idefics2-iter1,clothes,vestiti,slip,leggings,leggings,4,18748.0
idefics2-iter1,clothes,vestiti,slip,stockings,stockings,5,229.0
idefics2-iter1,housing buildings,edifici residenziali,soffitto,soffitto a cassette,a cassette,1,0.0
idefics2-iter1,housing buildings,edifici residenziali,soffitto,soffitto a tettoia,a tettoia,2,0.0
idefics2-iter1,housing buildings,edifici residenziali,soffitto,soffitto a tettoia a cassette,a tettoia a cassette,3,
idefics2-iter1,housing buildings,edifici residenziali,soffitto,soffitto a tettoia a tettoia,a tettoia a tettoia,4,
idefics2-iter1,housing buildings,edifici residenziali,soffitto,soffitto a tettoia a tettoia a cassette,a tettoia a tettoia a cassette,5,
idefics2-iter1,housing buildings,edifici residenziali,soffitto,soffitto a tettoia a tettoia a tettoia,a tettoia a tettoia a tettoia,6,
idefics2-iter1,housing buildings,edifici residenziali,soffitto,soffitto a tettoia a tettoia a tettoia a cassette,a tettoia a tettoia a tettoia a cassette,7,
idefics2-iter1,housing buildings,edifici residenziali,soffitto,soffitto a tettoia a tettoia a tettoia a tettoia,a tettoia a tettoia a tettoia a tettoia,8,
idefics2-iter1,housing buildings,edifici residenziali,soffitto,soffitto a tettoia a tettoia a tettoia a tettoia a cassette,a tettoia a tettoia a tettoia a tettoia a cassette,9,
idefics2-iter1,housing buildings,edifici residenziali,soffitto,soffitto a tettoia a tettoia a tettoia a tettoia a tettoia,a tettoia a tettoia a tettoia a tettoia a tettoia,10,
idefics2-iter1,housing buildings,edifici residenziali,soffitto,soffitto a tettoia a tettoia a tettoia a tettoia a tettoia a cassette,a tettoia a tettoia a tettoia a tettoia a tettoia a cassette,11,
idefics2-iter1,housing buildings,edifici residenziali,soggiorno,soffitta,soffitta,1,31594.0
idefics2-iter1,housing buildings,edifici residenziali,soggiorno,soffitto,soffitto,2,35770.0
idefics2-iter1,housing buildings,edifici residenziali,soggiorno,soffitto,soffitto,3,35770.0
idefics2-iter1,body parts,parti del corpo,spalla,spalla da lavoro,da lavoro,1,
idefics2-iter1,body parts,parti del corpo,spalla,spalla da uomo,da uomo,2,
idefics2-iter1,body parts,parti del corpo,spalla,spalla da donna,da donna,3,
idefics2-iter1,body parts,parti del corpo,spalla,spalla da bimbo,da bimbo,4,
idefics2-iter1,furnishings/fittings,arredamenti/accessori,specchio,specchio ad angolo,ad angolo,1,40.0
idefics2-iter1,furnishings/fittings,arredamenti/accessori,specchio,specchio ad angolo con illuminazione,ad angolo con illuminazione,2,
idefics2-iter1,furnishings/fittings,arredamenti/accessori,specchio,specchio ad angolo con illuminazione e riscaldamento,ad angolo con illuminazione e riscaldamento,3,
idefics2-iter1,furnishings/fittings,arredamenti/accessori,specchio,specchio ad angolo con illuminazione e riscaldamento e regolazione della temperatura,ad angolo con illuminazione e riscaldamento e regolazione della temperatura,4,
idefics2-iter1,stationery,cancelleria,spillatrice,stapler,stapler,1,192.0
idefics2-iter1,stationery,cancelleria,taccuino,notebook,notebook,1,32084.0
idefics2-iter1,stationery,cancelleria,taccuino,tablet,tablet,2,47800.0
idefics2-iter1,stationery,cancelleria,taccuino,computer,computer,3,37858.0
idefics2-iter1,stationery,cancelleria,taccuino,smartphone,smartphone,4,33938.0
idefics2-iter1,kitchenware,utensili da cucina,tagliere,tagliere da cucina,da cucina,1,52.0
idefics2-iter1,kitchenware,utensili da cucina,tagliere,tagliere da cucina da cucina,da cucina da cucina,2,
idefics2-iter1,furnishings/fittings,arredamenti/accessori,tappeto,tappeto a tasselli,a tasselli,1,0.0
idefics2-iter1,furnishings/fittings,arredamenti/accessori,tappeto,tappeto a cappello,a cappello,2,
idefics2-iter1,furnishings/fittings,arredamenti/accessori,tappeto,tappeto a cappello a tasselli,a cappello a tasselli,3,
idefics2-iter1,furnishings/fittings,arredamenti/accessori,tappeto,tappeto a cappello a tasselli a cappello,a cappello a tasselli a cappello,4,
idefics2-iter1,furnishings/fittings,arredamenti/accessori,tappeto,tappeto a cappello a tasselli a cappello a cappello,a cappello a tasselli a cappello a cappello,5,
idefics2-iter1,furnishings/fittings,arredamenti/accessori,tappeto,tappeto a cappello a tasselli a cappello a cappello a cappello,a cappello a tasselli a cappello a cappello a cappello,6,
idefics2-iter1,furnishings/fittings,arredamenti/accessori,tappeto,tappeto a cappello a tasselli a cappello a cappello a cappello a cappello,a cappello a tasselli a cappello a cappello a cappello a cappello,7,
idefics2-iter1,furnishings/fittings,arredamenti/accessori,tappeto,tappeto a cappello a tasselli a cappello a cappello a cappello a cappello a cappello,a cappello a tasselli a cappello a cappello a cappello a cappello a cappello,8,
idefics2-iter1,furnishings/fittings,arredamenti/accessori,tappeto,tappeto a cappello a tasselli a cappello a cappello a cappello a cappello a cappello a cappello,a cappello a tasselli a cappello a cappello a cappello a cappello a cappello a cappello,9,
idefics2-iter1,furnishings/fittings,arredamenti/accessori,tappeto,tappeto a cappello a tasselli a cappello a cappello a cappello a cappello a capp,a cappello a tasselli a cappello a cappello a cappello a cappello a capp,10,
idefics2-iter1,furniture,mobili,tavolo,tavolo da cucina,da cucina,1,104.0
idefics2-iter1,furniture,mobili,tavolo,tavolo da pranzo,da pranzo,2,258.0
idefics2-iter1,furniture,mobili,tavolo,tavolo da lavoro,da lavoro,3,100.0
idefics2-iter1,furniture,mobili,tavolo,tavolo da gioco,da gioco,4,192.0
idefics2-iter1,furniture,mobili,tavolo,tavolo da cucina,da cucina,5,104.0
idefics2-iter1,kitchenware,utensili da cucina,teglia,teglia da forno,da forno,1,276.0
idefics2-iter1,kitchenware,utensili da cucina,teglia,teglia da forno per pane,da forno per pane,2,
idefics2-iter1,kitchenware,utensili da cucina,teglia,teglia da forno per pasta,da forno per pasta,3,
idefics2-iter1,kitchenware,utensili da cucina,teglia,teglia da forno per pizza,da forno per pizza,4,
idefics2-iter1,kitchenware,utensili da cucina,teglia,teglia da forno per frittelle,da forno per frittelle,5,
idefics2-iter1,kitchenware,utensili da cucina,teglia,teglia da forno per muffin,da forno per muffin,6,
idefics2-iter1,kitchenware,utensili da cucina,teglia,teglia da forno per crostini,da forno per crostini,7,
idefics2-iter1,kitchenware,utensili da cucina,teglia,teglia da forno per focacce,da forno per focacce,8,
idefics2-iter1,kitchenware,utensili da cucina,teglia,teglia da forno per cioccolata,da forno per cioccolata,9,
idefics2-iter1,kitchenware,utensili da cucina,teglia,teglia da forno per yogurt,da forno per yogurt,10,
idefics2-iter1,kitchenware,utensili da cucina,teglia,teglia da forno per frittata,da forno per frittata,11,
idefics2-iter1,kitchenware,utensili da cucina,teglia,teglia da forno per lasagne,da forno per lasagne,12,
idefics2-iter1,kitchenware,utensili da cucina,teglia,teglia da forno per pasta al forno,da forno per pasta al forno,13,
idefics2-iter1,kitchenware,utensili da cucina,teglia,teg,teg,14,4666.0
idefics2-iter1,hobbies,passatempi,televisione,monitor,monitor,1,47460.0
idefics2-iter1,hobbies,passatempi,televisione,monitor tv,monitor tv,2,27.0
idefics2-iter1,hobbies,passatempi,televisione,monitor computer,monitor computer,3,
idefics2-iter1,hobbies,passatempi,televisione,monitor monitor,monitor monitor,4,
idefics2-iter1,hobbies,passatempi,televisione,monitor lcd,monitor lcd,5,617.0
idefics2-iter1,hobbies,passatempi,televisione,monitor led,monitor led,6,379.0
idefics2-iter1,hobbies,passatempi,televisione,monitor plasma,monitor plasma,7,28.0
idefics2-iter1,hobbies,passatempi,televisione,monitor crt,monitor crt,8,78.0
idefics2-iter1,hobbies,passatempi,televisione,monitor lcd,monitor lcd,9,617.0
idefics2-iter1,stationery,cancelleria,temperino,scopa,scopa,1,38416.0
idefics2-iter1,stationery,cancelleria,temperino,scovolta,scovolta,2,
idefics2-iter1,stationery,cancelleria,temperino,scovolta a mano,scovolta a mano,3,
idefics2-iter1,stationery,cancelleria,temperino,scovolta elettrica,scovolta elettrica,4,
idefics2-iter1,stationery,cancelleria,temperino,scovolta elettrica a mano,scovolta elettrica a mano,5,
idefics2-iter1,stationery,cancelleria,temperino,scovolta elettrica a mano con scovolta elettrica,scovolta elettrica a mano con scovolta elettrica,6,
idefics2-iter1,stationery,cancelleria,temperino,scovolta elettrica a,scovolta elettrica a,7,
idefics2-iter1,furnishings/fittings,arredamenti/accessori,tenda,tenda da camping,da camping,1,46.0
idefics2-iter1,furnishings/fittings,arredamenti/accessori,tenda,tenda da evento,da evento,2,0.0
idefics2-iter1,furnishings/fittings,arredamenti/accessori,tenda,tenda da festa,da festa,3,22.0
idefics2-iter1,furnishings/fittings,arredamenti/accessori,tenda,tenda da cucina,da cucina,4,40.0
idefics2-iter1,furnishings/fittings,arredamenti/accessori,tenda,tenda da bagno,da bagno,5,64.0
idefics2-iter1,housing buildings,edifici residenziali,terrazzo,pavimento,pavimento,1,927908.0
idefics2-iter1,housing buildings,edifici residenziali,terrazzo,pavimento esterno,pavimento esterno,2,444.0
idefics2-iter1,housing buildings,edifici residenziali,terrazzo,pavimento interno,pavimento interno,3,276.0
idefics2-iter1,housing buildings,edifici residenziali,terrazzo,pavimento per terrazza,pavimento per terrazza,4,
idefics2-iter1,body parts,parti del corpo,testa,faccia,faccia,1,21727.0
idefics2-iter1,body parts,parti del corpo,testa,orecchie,orecchie,2,46324.0
idefics2-iter1,body parts,parti del corpo,testa,naso,naso,3,27830.0
idefics2-iter1,body parts,parti del corpo,testa,bocca,bocca,4,39300.0
idefics2-iter1,body parts,parti del corpo,testa,occhi,occhi,5,48274.0
idefics2-iter1,housing buildings,edifici residenziali,tetto,tetto a tavolato,a tavolato,1,0.0
idefics2-iter1,housing buildings,edifici residenziali,tetto,tetto a tegole,a tegole,2,22.0
idefics2-iter1,housing buildings,edifici residenziali,tetto,tetto a scala,a scala,3,8.0
idefics2-iter1,housing buildings,edifici residenziali,tetto,tetto a tegole a scala,a tegole a scala,4,
idefics2-iter1,housing buildings,edifici residenziali,tetto,tetto a tegole a scala a tavolato,a tegole a scala a tavolato,5,
idefics2-iter1,housing buildings,edifici residenziali,tetto,tetto a tegole a scala a tavolato a tetto,a tegole a scala a tavolato a tetto,6,
idefics2-iter1,animals,animali,tigre,leone,leone,1,35728.0
idefics2-iter1,animals,animali,tigre,puma,puma,2,19213.0
idefics2-iter1,animals,animali,tigre,jaguar,jaguar,3,28026.0
idefics2-iter1,animals,animali,tigre,leopardo,leopardo,4,30924.0
idefics2-iter1,animals,animali,topo,ratto,ratto,1,35614.0
idefics2-iter1,animals,animali,topo,ratti,ratti,2,23119.0
idefics2-iter1,animals,animali,topo,ratti topo,ratti ,3,9.0
idefics2-iter1,animals,animali,topo,ratti topo,ratti ,4,9.0
idefics2-iter1,vehicles,veicoli,traghetto,traghetto a vapore,a vapore,1,42.0
idefics2-iter1,vehicles,veicoli,traghetto,traghetto a motore,a motore,2,10.0
idefics2-iter1,vehicles,veicoli,traghetto,traghetto a vapore a motore,a vapore a motore,3,
idefics2-iter1,vehicles,veicoli,traghetto,traghetto a vapore a motore a elica,a vapore a motore a elica,4,
idefics2-iter1,vehicles,veicoli,traghetto,traghetto a vapore a motore a elica a scafa,a vapore a motore a elica a scafa,5,
idefics2-iter1,vehicles,veicoli,tram,tranvia,tranvia,1,11316.0
idefics2-iter1,vehicles,veicoli,tram,funicular,funicular,2,
idefics2-iter1,vehicles,veicoli,tram,metro,metro,3,39058.0
idefics2-iter1,vehicles,veicoli,trattore,trattore a motore,a motore,1,
idefics2-iter1,vehicles,veicoli,trattore,trattore a vapore,a vapore,2,20.0
idefics2-iter1,vehicles,veicoli,trattore,trattore a benzina,a benzina,3,15.0
idefics2-iter1,vehicles,veicoli,trattore,trattore a gasolina,a gasolina,4,
idefics2-iter1,vehicles,veicoli,trattore,trattore a diesel,a diesel,5,1.0
idefics2-iter1,vehicles,veicoli,treno,treno passeggeri,passeggeri,1,150.0
idefics2-iter1,vehicles,veicoli,treno,treno merci,merci,2,14536.0
idefics2-iter1,vehicles,veicoli,treno,treno ad alta velocità,ad alta velocità,3,828.0
idefics2-iter1,vehicles,veicoli,treno,treno a vapore,a vapore,4,80.0
idefics2-iter1,vehicles,veicoli,treno,treno elettrico,elettrico,5,908.0
idefics2-iter1,vehicles,veicoli,treno,treno diesel,diesel,6,32.0
idefics2-iter1,plants,piante,ulivo,albero,albero,1,35138.0
idefics2-iter1,plants,piante,ulivo,pianta,pianta,2,37258.0
idefics2-iter1,plants,piante,ulivo,arboreo,arboreo,3,18731.0
idefics2-iter1,plants,piante,ulivo,vegetale,vegetale,4,
idefics2-iter1,foods,cibi,uovo,uovo di gallina,di gallina,1,64.0
idefics2-iter1,foods,cibi,uovo,uovo di oca,di oca,2,52.0
idefics2-iter1,foods,cibi,uovo,uovo di pavone,di pavone,3,38.0
idefics2-iter1,foods,cibi,uovo,uovo di pinguino,di pinguino,4,44.0
idefics2-iter1,foods,cibi,uovo,uovo di tartaruga,di tartaruga,5,40.0
idefics2-iter1,foods,cibi,uovo,uovo di pellicano,di pellicano,6,0.0
idefics2-iter1,furnishings/fittings,arredamenti/accessori,vaso,vase,vase,1,1896.0
idefics2-iter1,furnishings/fittings,arredamenti/accessori,vaso,jar,jar,2,13982.0
idefics2-iter1,furnishings/fittings,arredamenti/accessori,vaso,pot,pot,3,20339.0
idefics2-iter1,furnishings/fittings,arredamenti/accessori,vaso,bowl,bowl,4,21523.0
idefics2-iter1,furnishings/fittings,arredamenti/accessori,vaso,cup,cup,5,19035.0
idefics2-iter1,furnishings/fittings,arredamenti/accessori,vaso,glass,glass,6,53570.0
idefics2-iter1,foods,cibi,verdura,cipolla,cipolla,1,29842.0
idefics2-iter1,foods,cibi,verdura,carota,carota,2,37298.0
idefics2-iter1,foods,cibi,verdura,broccoli,broccoli,3,32424.0
idefics2-iter1,foods,cibi,verdura,cavolo,cavolo,4,40010.0
idefics2-iter1,foods,cibi,verdura,patata,patata,5,41064.0
idefics2-iter1,foods,cibi,verdura,zucchina,zucchina,6,20644.0
idefics2-iter1,hobbies,passatempi,videogioco,videogioco d'azione,d'azione,1,0.0
idefics2-iter1,hobbies,passatempi,videogioco,videogioco di ruolo,di ruolo,2,22.0
idefics2-iter1,hobbies,passatempi,videogioco,videogioco di avventura,di avventura,3,20.0
idefics2-iter1,hobbies,passatempi,videogioco,videogioco di simulazione,di simulazione,4,22.0
idefics2-iter1,hobbies,passatempi,videogioco,videogioco di sport,di sport,5,16.0
idefics2-iter1,hobbies,passatempi,videogioco,videogioco di strategia,di strategia,6,23.0
idefics2-iter1,furnishings/fittings,arredamenti/accessori,vite,vite a cappuccio,a cappuccio,1,
idefics2-iter1,furnishings/fittings,arredamenti/accessori,vite,vite a cappuccio a cuscino,a cappuccio a cuscino,2,
idefics2-iter1,furnishings/fittings,arredamenti/accessori,vite,vite a cappuccio a cuscino a cappuccio,a cappuccio a cuscino a cappuccio,3,
idefics2-iter1,furnishings/fittings,arredamenti/accessori,vite,vite a cappuccio a cuscino a cappuccio a cuscino,a cappuccio a cuscino a cappuccio a cuscino,4,
idefics2-iter1,furnishings/fittings,arredamenti/accessori,vite,vite a cappuccio a cuscino a cappuccio a cuscino a cappuccio,a cappuccio a cuscino a cappuccio a cuscino a cappuccio,5,
idefics2-iter1,furnishings/fittings,arredamenti/accessori,vite,vite a cappuccio a cappuccio a cappuccio a cappuccio,a cappuccio a cappuccio a cappuccio a cappuccio,6,
idefics2-iter1,furnishings/fittings,arredamenti/accessori,vite,vite a cappuccio a cappuccio a cappuccio a cappuccio a cappuccio,a cappuccio a cappuccio a cappuccio a cappuccio a cappuccio,7,
idefics2-iter1,furnishings/fittings,arredamenti/accessori,vite,vite a cappuccio a cappuccio a cappuccio a cappuccio a cappuccio a cappuccio,a cappuccio a cappuccio a cappuccio a cappuccio a cappuccio a cappuccio,8,
idefics2-iter1,furnishings/fittings,arredamenti/accessori,vite,vite a cappuccio a cappuccio a cappuccio a cappuccio a cappuccio a cappuccio a cappuccio,a cappuccio a cappuccio a cappuccio a cappuccio a cappuccio a cappuccio a cappuccio,9,
idefics2-iter1,furnishings/fittings,arredamenti/accessori,vite,vite a cappuccio a cappucc,a cappuccio a cappucc,10,
